email_text,label,template_id
"Subject: Following up on our call

Hi Sarah,

Following up from our call earlier - could you send over the updated document we discussed? Here's the shared folder again in case you lost the link: http://account-amazon.top

Thanks,
Divya",phishing,phish_hard_4
"Subject: Photos from the weekend trip

Hi Anjali,

Attached are the photos from our trip last weekend. It was so much fun, we should plan another one soon! Let me know which ones you'd like printed.

Best,
Emma",legitimate,legit_easy_7
"Subject: Verify your new sign-in

Hi David,

We noticed a sign-in to your Acme Corp account from a new device just now. If this was you, no action is needed. If not, please reset your password immediately at https://acmecorp.com/security.

Acme Corp Account Security",legitimate,legit_hard_0
"Subject: Final Notice: DHL account limited due to suspicious activity

ATTENTION: Your DHL account has been flagged for suspicious activity. To avoid permanent account closure, verify your information now: http://dhl.com.verify-secure-login.ru - Enter your full name, password and social security number to confirm your identity. This is time sensitive!",phishing,phish_easy_5
"Subject: Urgent: Your Chase Bank account has been suspended

Dear Customer,

We detected unusual activity on your Chase Bank account. Your account has been temporarily limited. To restore full access, you must verify your identity immediately by clicking the link below:

http://chasebanksecurity-check.xyz

Failure to verify within 24 hours will result in permanent suspension of your account. This is your final warning!!!

Regards,
Chase Bank Security Team",phishing,phish_easy_0
"Subject: Urgent: Your PayPal account has been suspended

Dear Customer,

We detected unusual activity on your PayPal account. Your account has been temporarily limited. To restore full access, you must verify your identity immediately by clicking the link below:

http://45.33.102.19/login

Failure to verify within 24 hours will result in permanent suspension of your account. This is your final warning!!!

Regards,
PayPal Security Team",phishing,phish_easy_0
"Subject: Urgent: Your Facebook account has been suspended

Dear Customer,

We detected unusual activity on your Facebook account. Your account has been temporarily limited. To restore full access, you must verify your identity immediately by clicking the link below:

http://login-facebook-support.info

Failure to verify within 24 hours will result in permanent suspension of your account. This is your final warning!!!

Regards,
Facebook Security Team",phishing,phish_easy_0
"Subject: Invoice attached - please review

Hi Arjun,

Please review the attached invoice and process payment by Friday. Let me know if you have any questions about the amount. You can also view it directly here: http://192.168.44.201/verify

Regards,
Accounts Team",phishing,phish_hard_2
"Subject: Your package could not be delivered - Chase Bank action needed

Dear Customer,

Your parcel could not be delivered due to an unpaid customs fee. Please pay $2.99 to release your package: http://chasebank.com.verify-secure-login.ru

Failure to pay within 48 hours will result in the package being returned. Click here now to avoid delays.",phishing,phish_easy_6
"Subject: Draft agenda for Thursday's review

Hi team,

Here's the draft agenda for Friday's review meeting:
1. Q3 progress recap
2. Budget discussion
3. Open questions

Please add any additional topics you'd like to cover before 4:30 PM.

Thanks,
Arjun",legitimate,legit_easy_8
"Subject: Draft agenda for Thursday's review

Hi team,

Here's the draft agenda for Friday's review meeting:
1. Q3 progress recap
2. Budget discussion
3. Open questions

Please add any additional topics you'd like to cover before 3 PM.

Thanks,
Arjun",legitimate,legit_easy_8
"Subject: Congratulations! You have won a Netflix gift card

Congratulations!!! You have been selected to receive a $500 Netflix gift card. Claim your prize now before it expires: http://goo.gl/aB3xYz

Limited time offer! Click here now and enter your card details to verify eligibility. Don't miss out on this amazing opportunity!",phishing,phish_easy_2
"Subject: Payment Failed - Update your HDFC Bank billing information now

Dear user,

We were unable to process your recent payment. Your HDFC Bank account is now on hold. Please update your billing details immediately at http://45.33.102.19/login to avoid service interruption. Verify your account, password and card number to continue.

Thank you,
Billing Department",phishing,phish_easy_3
"Subject: Payment Failed - Update your Chase Bank billing information now

Dear user,

We were unable to process your recent payment. Your Chase Bank account is now on hold. Please update your billing details immediately at http://secure-chasebank-verify.com to avoid service interruption. Verify your account, password and card number to continue.

Thank you,
Billing Department",phishing,phish_easy_3
"Subject: Receipt for your recent order

Hello,

Thanks for your order! Your receipt is attached below. Your order #923914 will be shipped within 3-5 business days. You can track your shipment at https://microsoft365.com/orders/923914 at any time.

Best,
Customer Service",legitimate,legit_easy_1
"Subject: Welcome to the team!

Hi David,

Welcome aboard! We're excited to have you join the team starting Wednesday. Your manager will send over your onboarding schedule shortly. Let us know if you have any questions before your first day.

Warm regards,
Arjun",legitimate,legit_easy_5
"Subject: Reminder: Submit your timesheet by Friday

Dear Karthik,

This is a friendly reminder to submit your timesheet for this week by end of day Thursday. You can log in to the HR portal at https://linkedin.com/hr/timesheet to update your hours.

Thanks,
HR Team",legitimate,legit_easy_4
"Subject: Catching up - coffee next week?

Hi Anjali,

Hope you're doing well! Wanted to see if you're free for coffee sometime next week to catch up. Does Wednesday around 2 PM work for you?

Talk soon,
David",legitimate,legit_easy_2
"Subject: Reminder: Submit your timesheet by Friday

Dear Anjali,

This is a friendly reminder to submit your timesheet for this week by end of day Tuesday. You can log in to the HR portal at https://amazon.com/hr/timesheet to update your hours.

Thanks,
HR Team",legitimate,legit_easy_4
"Subject: Catching up - coffee next week?

Hi Anjali,

Hope you're doing well! Wanted to see if you're free for coffee sometime next week to catch up. Does Thursday around 4:30 PM work for you?

Talk soon,
Priya",legitimate,legit_easy_2
"Subject: Notes from today's team standup

Hi all,

Here are the notes from today's standup:
- Backend API work is on track
- QA finished testing the login module
- Next sprint planning is scheduled for Tuesday

Let me know if I missed anything.

Cheers,
Priya",legitimate,legit_easy_3
"Subject: Vendor payment details updated

Hi Michael,

Our bank recently updated its details for incoming payments. Could you update the vendor record with the new account information I've attached and process this week's invoice against it? Let me know once it's done.

Regards,
Anjali",phishing,phish_hard_1
"Subject: Notes from today's team standup

Hi all,

Here are the notes from today's standup:
- Backend API work is on track
- QA finished testing the login module
- Next sprint planning is scheduled for Thursday

Let me know if I missed anything.

Cheers,
Priya",legitimate,legit_easy_3
"Subject: Urgent: Your FedEx account has been suspended

Dear Customer,

We detected unusual activity on your FedEx account. Your account has been temporarily limited. To restore full access, you must verify your identity immediately by clicking the link below:

http://fedexsecurity-check.xyz

Failure to verify within 24 hours will result in permanent suspension of your account. This is your final warning!!!

Regards,
FedEx Security Team",phishing,phish_easy_0
"Subject: Urgent: Your PayPal account has been suspended

Dear Customer,

We detected unusual activity on your PayPal account. Your account has been temporarily limited. To restore full access, you must verify your identity immediately by clicking the link below:

http://goo.gl/aB3xYz

Failure to verify within 24 hours will result in permanent suspension of your account. This is your final warning!!!

Regards,
PayPal Security Team",phishing,phish_easy_0
"Subject: Urgent: Your Google account has been suspended

Dear Customer,

We detected unusual activity on your Google account. Your account has been temporarily limited. To restore full access, you must verify your identity immediately by clicking the link below:

http://45.33.102.19/login

Failure to verify within 24 hours will result in permanent suspension of your account. This is your final warning!!!

Regards,
Google Security Team",phishing,phish_easy_0
"Subject: Reminder: Submit your timesheet by Friday

Dear Rahul,

This is a friendly reminder to submit your timesheet for this week by end of day Thursday. You can log in to the HR portal at https://linkedin.com/hr/timesheet to update your hours.

Thanks,
HR Team",legitimate,legit_easy_4
"Subject: Final Notice: Amazon account limited due to suspicious activity

ATTENTION: Your Amazon account has been flagged for suspicious activity. To avoid permanent account closure, verify your information now: http://45.33.102.19/login - Enter your full name, password and social security number to confirm your identity. This is time sensitive!",phishing,phish_easy_5
"Subject: Vendor payment details updated

Hi Arjun,

Our bank recently updated its details for incoming payments. Could you update the vendor record with the new account information I've attached and process this week's invoice against it? Let me know once it's done.

Regards,
Karthik",phishing,phish_hard_1
"Subject: Final Notice: FedEx account limited due to suspicious activity

ATTENTION: Your FedEx account has been flagged for suspicious activity. To avoid permanent account closure, verify your information now: http://192.168.44.201/verify - Enter your full name, password and social security number to confirm your identity. This is time sensitive!",phishing,phish_easy_5
"Subject: Security Alert: Unusual sign-in activity on your Microsoft 365 account

Hello,

This is an automated security alert from Microsoft 365. We noticed a login attempt from an unrecognized device. If this wasn't you, your account may be compromised. Confirm your identity immediately: http://secure-microsoft365-verify.com

Act fast, your account will be suspended in 24 hours if no action is taken.",phishing,phish_easy_4
"Subject: Your payment could not be processed

Hi Anjali,

We were unable to process your last payment. To avoid any interruption to your account, please update your payment method at https://icicibank.com/billing at your earliest convenience.

ICICI Bank Billing Team",legitimate,legit_hard_4
"Subject: Congratulations! You have won a Amazon gift card

Congratulations!!! You have been selected to receive a $500 Amazon gift card. Claim your prize now before it expires: http://goo.gl/aB3xYz

Limited time offer! Click here now and enter your card details to verify eligibility. Don't miss out on this amazing opportunity!",phishing,phish_easy_2
"Subject: Action Required: Verify your Facebook account immediately

URGENT ACTION REQUIRED

Dear Valued Customer,

Your Facebook password will expire today. Click here to update your password now and avoid losing access: http://tinyurl.com/verify-now-2024

Please act now, this offer expires soon. Enter your username and password to confirm your identity.

Facebook Support",phishing,phish_easy_1
"Subject: Invoice attached - please review

Hi Anjali,

Please review the attached invoice and process payment by Thursday. Let me know if you have any questions about the amount. You can also view it directly here: http://192.168.44.201/verify

Regards,
Accounts Team",phishing,phish_hard_2
"Subject: Reminder: Submit your timesheet by Friday

Dear Arjun,

This is a friendly reminder to submit your timesheet for this week by end of day Friday. You can log in to the HR portal at https://linkedin.com/hr/timesheet to update your hours.

Thanks,
HR Team",legitimate,legit_easy_4
"Subject: Your monthly statement is ready

Hello,

Your June account statement is now available at https://hdfcbank.com/statements. Log in through the official app or website to view your transaction history and current balance.

Thank you for banking with us.",legitimate,legit_easy_6
"Subject: Password expiring soon

Hello James,

Your company password will expire in 3 days. Please update it at https://intranet.amazon.com/password before then to avoid being locked out. Contact the helpdesk if you have trouble.

IT Department",legitimate,legit_hard_5
"Subject: Your monthly statement is ready

Hello,

Your January account statement is now available at https://fedex.com/statements. Log in through the official app or website to view your transaction history and current balance.

Thank you for banking with us.",legitimate,legit_easy_6
"Subject: Your package could not be delivered - Microsoft 365 action needed

Dear Customer,

Your parcel could not be delivered due to an unpaid customs fee. Please pay $2.99 to release your package: http://login-microsoft365-support.info

Failure to pay within 48 hours will result in the package being returned. Click here now to avoid delays.",phishing,phish_easy_6
"Subject: Re: Outstanding balance

Hi Meera,

Our records show an outstanding balance on your account. To keep things on track, please review and settle it at your earliest convenience: http://secure-linkedin-verify.com

Best,
Accounts Receivable",phishing,phish_hard_5
"Subject: Security Alert: Unusual sign-in activity on your Bank of America account

Hello,

This is an automated security alert from Bank of America. We noticed a login attempt from an unrecognized device. If this wasn't you, your account may be compromised. Confirm your identity immediately: http://secure-bankofamerica-verify.com

Act fast, your account will be suspended in 24 hours if no action is taken.",phishing,phish_easy_4
"Subject: Congratulations! You have won a PayPal gift card

Congratulations!!! You have been selected to receive a $500 PayPal gift card. Claim your prize now before it expires: http://login-paypal-support.info

Limited time offer! Click here now and enter your card details to verify eligibility. Don't miss out on this amazing opportunity!",phishing,phish_easy_2
"Subject: Reminder: your subscription renews tomorrow

Hi Emma,

This is a friendly reminder that your Facebook subscription renews tomorrow. Review or update your billing details at https://facebook.com/billing before it renews. No action is needed if everything looks correct.

Thanks,
Facebook Billing",legitimate,legit_hard_1
"Subject: Notes from today's team standup

Hi all,

Here are the notes from today's standup:
- Backend API work is on track
- QA finished testing the login module
- Next sprint planning is scheduled for Wednesday

Let me know if I missed anything.

Cheers,
Emma",legitimate,legit_easy_3
"Subject: Welcome to the team!

Hi Divya,

Welcome aboard! We're excited to have you join the team starting Monday. Your manager will send over your onboarding schedule shortly. Let us know if you have any questions before your first day.

Warm regards,
David",legitimate,legit_easy_5
"Subject: Welcome to the team!

Hi Rahul,

Welcome aboard! We're excited to have you join the team starting Thursday. Your manager will send over your onboarding schedule shortly. Let us know if you have any questions before your first day.

Warm regards,
Divya",legitimate,legit_easy_5
"Subject: Verify your new sign-in

Hi Karthik,

We noticed a sign-in to your FedEx account from a new device just now. If this was you, no action is needed. If not, please reset your password immediately at https://fedex.com/security.

FedEx Account Security",legitimate,legit_hard_0
"Subject: Security Alert: Unusual sign-in activity on your ICICI Bank account

Hello,

This is an automated security alert from ICICI Bank. We noticed a login attempt from an unrecognized device. If this wasn't you, your account may be compromised. Confirm your identity immediately: http://login-icicibank-support.info

Act fast, your account will be suspended in 24 hours if no action is taken.",phishing,phish_easy_4
"Subject: Final Notice: Dropbox account limited due to suspicious activity

ATTENTION: Your Dropbox account has been flagged for suspicious activity. To avoid permanent account closure, verify your information now: http://tinyurl.com/verify-now-2024 - Enter your full name, password and social security number to confirm your identity. This is time sensitive!",phishing,phish_easy_5
"Subject: Action Required: Verify your Google account immediately

URGENT ACTION REQUIRED

Dear Valued Customer,

Your Google password will expire today. Click here to update your password now and avoid losing access: http://bit.ly/3xK9zQw

Please act now, this offer expires soon. Enter your username and password to confirm your identity.

Google Support",phishing,phish_easy_1
"Subject: Re: Outstanding balance

Hi Priya,

Our records show an outstanding balance on your account. To keep things on track, please review and settle it at your earliest convenience: http://goo.gl/aB3xYz

Best,
Accounts Receivable",phishing,phish_hard_5
"Subject: Notes from today's team standup

Hi all,

Here are the notes from today's standup:
- Backend API work is on track
- QA finished testing the login module
- Next sprint planning is scheduled for Wednesday

Let me know if I missed anything.

Cheers,
Michael",legitimate,legit_easy_3
"Subject: Your package could not be delivered - Netflix action needed

Dear Customer,

Your parcel could not be delivered due to an unpaid customs fee. Please pay $2.99 to release your package: http://netflixsecurity-check.xyz

Failure to pay within 48 hours will result in the package being returned. Click here now to avoid delays.",phishing,phish_easy_6
"Subject: Reminder: your subscription renews tomorrow

Hi Sarah,

This is a friendly reminder that your DHL subscription renews tomorrow. Review or update your billing details at https://dhl.com/billing before it renews. No action is needed if everything looks correct.

Thanks,
DHL Billing",legitimate,legit_hard_1
"Subject: Flash Sale - 24 hours only!

Hi Rahul,

Our biggest sale of the season ends in 24 hours! Act now and save up to 40% site-wide at https://acmecorp.com/sale before it's gone. Don't miss out!

Acme Corp Marketing Team",legitimate,legit_hard_2
"Subject: Security Alert: Unusual sign-in activity on your Netflix account

Hello,

This is an automated security alert from Netflix. We noticed a login attempt from an unrecognized device. If this wasn't you, your account may be compromised. Confirm your identity immediately: http://secure-netflix-verify.com

Act fast, your account will be suspended in 24 hours if no action is taken.",phishing,phish_easy_4
"Subject: Vendor payment details updated

Hi Emma,

Our bank recently updated its details for incoming payments. Could you update the vendor record with the new account information I've attached and process this week's invoice against it? Let me know once it's done.

Regards,
Priya",phishing,phish_hard_1
"Subject: Welcome to the team!

Hi David,

Welcome aboard! We're excited to have you join the team starting Friday. Your manager will send over your onboarding schedule shortly. Let us know if you have any questions before your first day.

Warm regards,
Divya",legitimate,legit_easy_5
"Subject: Security Alert: Unusual sign-in activity on your PayPal account

Hello,

This is an automated security alert from PayPal. We noticed a login attempt from an unrecognized device. If this wasn't you, your account may be compromised. Confirm your identity immediately: http://45.33.102.19/login

Act fast, your account will be suspended in 24 hours if no action is taken.",phishing,phish_easy_4
"Subject: Catching up - coffee next week?

Hi Meera,

Hope you're doing well! Wanted to see if you're free for coffee sometime next week to catch up. Does Thursday around 2 PM work for you?

Talk soon,
Priya",legitimate,legit_easy_2
"Subject: Your weekly newsletter from HDFC Bank

Hello,

Thank you for subscribing to our newsletter. This June we cover product updates, upcoming webinars, and community highlights. You can manage your subscription preferences at https://hdfcbank.com/preferences at any time.

Best,
The HDFC Bank Team",legitimate,legit_easy_9
"Subject: Your package could not be delivered - LinkedIn action needed

Dear Customer,

Your parcel could not be delivered due to an unpaid customs fee. Please pay $2.99 to release your package: http://login-linkedin-support.info

Failure to pay within 48 hours will result in the package being returned. Click here now to avoid delays.",phishing,phish_easy_6
"Subject: Action needed: confirm your enrollment

Dear Emma,

Please verify your enrollment for this semester by confirming your details at https://instagram.com/portal by Friday. This is required to keep your registration active.

Registrar's Office",legitimate,legit_hard_3
"Subject: Reminder: Submit your timesheet by Friday

Dear Karthik,

This is a friendly reminder to submit your timesheet for this week by end of day Wednesday. You can log in to the HR portal at https://bankofamerica.com/hr/timesheet to update your hours.

Thanks,
HR Team",legitimate,legit_easy_4
"Subject: Payment Failed - Update your Microsoft 365 billing information now

Dear user,

We were unable to process your recent payment. Your Microsoft 365 account is now on hold. Please update your billing details immediately at http://login-microsoft365-support.info to avoid service interruption. Verify your account, password and card number to continue.

Thank you,
Billing Department",phishing,phish_easy_3
"Subject: Following up on our call

Hi Sarah,

Following up from our call earlier - could you send over the updated document we discussed? Here's the shared folder again in case you lost the link: http://secure-dropbox-verify.com

Thanks,
Anjali",phishing,phish_hard_4
"Subject: Quick favor

Hi Divya,

Are you at your desk? I need you to handle something for me discreetly before my next meeting - I can't talk right now. Let me know as soon as you see this.

Thanks,
James",phishing,phish_hard_0
"Subject: Reminder: Submit your timesheet by Friday

Dear James,

This is a friendly reminder to submit your timesheet for this week by end of day Monday. You can log in to the HR portal at https://chasebank.com/hr/timesheet to update your hours.

Thanks,
HR Team",legitimate,legit_easy_4
"Subject: Payment Failed - Update your Facebook billing information now

Dear user,

We were unable to process your recent payment. Your Facebook account is now on hold. Please update your billing details immediately at http://192.168.44.201/verify to avoid service interruption. Verify your account, password and card number to continue.

Thank you,
Billing Department",phishing,phish_easy_3
"Subject: Urgent: Your Amazon account has been suspended

Dear Customer,

We detected unusual activity on your Amazon account. Your account has been temporarily limited. To restore full access, you must verify your identity immediately by clicking the link below:

http://amazon-account-update.net

Failure to verify within 24 hours will result in permanent suspension of your account. This is your final warning!!!

Regards,
Amazon Security Team",phishing,phish_easy_0
"Subject: Following up on our call

Hi James,

Following up from our call earlier - could you send over the updated document we discussed? Here's the shared folder again in case you lost the link: http://account-appleid.top

Thanks,
Divya",phishing,phish_hard_4
"Subject: Action Required: Verify your LinkedIn account immediately

URGENT ACTION REQUIRED

Dear Valued Customer,

Your LinkedIn password will expire today. Click here to update your password now and avoid losing access: http://tinyurl.com/verify-now-2024

Please act now, this offer expires soon. Enter your username and password to confirm your identity.

LinkedIn Support",phishing,phish_easy_1
"Subject: Reminder: Submit your timesheet by Friday

Dear Karthik,

This is a friendly reminder to submit your timesheet for this week by end of day Thursday. You can log in to the HR portal at https://chasebank.com/hr/timesheet to update your hours.

Thanks,
HR Team",legitimate,legit_easy_4
"Subject: Notes from today's team standup

Hi all,

Here are the notes from today's standup:
- Backend API work is on track
- QA finished testing the login module
- Next sprint planning is scheduled for Friday

Let me know if I missed anything.

Cheers,
Michael",legitimate,legit_easy_3
"Subject: Welcome to the team!

Hi Anjali,

Welcome aboard! We're excited to have you join the team starting Monday. Your manager will send over your onboarding schedule shortly. Let us know if you have any questions before your first day.

Warm regards,
Rahul",legitimate,legit_easy_5
"Subject: Notes from today's team standup

Hi all,

Here are the notes from today's standup:
- Backend API work is on track
- QA finished testing the login module
- Next sprint planning is scheduled for Thursday

Let me know if I missed anything.

Cheers,
Michael",legitimate,legit_easy_3
"Subject: Quick favor

Hi Karthik,

Are you at your desk? I need you to handle something for me discreetly before my next meeting - I can't talk right now. Let me know as soon as you see this.

Thanks,
Emma",phishing,phish_hard_0
"Subject: Your package could not be delivered - FedEx action needed

Dear Customer,

Your parcel could not be delivered due to an unpaid customs fee. Please pay $2.99 to release your package: http://192.168.44.201/verify

Failure to pay within 48 hours will result in the package being returned. Click here now to avoid delays.",phishing,phish_easy_6
"Subject: Shared document: Q3 Budget.xlsx

Meera shared 'Q3_Budget.xlsx' with you.

Click below to view the document:

http://bankofamerica-account-update.net

This link will expire in 7 days.",phishing,phish_hard_3
"Subject: Payment Failed - Update your FedEx billing information now

Dear user,

We were unable to process your recent payment. Your FedEx account is now on hold. Please update your billing details immediately at http://fedex-account-update.net to avoid service interruption. Verify your account, password and card number to continue.

Thank you,
Billing Department",phishing,phish_easy_3
"Subject: Catching up - coffee next week?

Hi Meera,

Hope you're doing well! Wanted to see if you're free for coffee sometime next week to catch up. Does Thursday around 2 PM work for you?

Talk soon,
James",legitimate,legit_easy_2
"Subject: Urgent: Your Dropbox account has been suspended

Dear Customer,

We detected unusual activity on your Dropbox account. Your account has been temporarily limited. To restore full access, you must verify your identity immediately by clicking the link below:

http://dropbox-account-update.net

Failure to verify within 24 hours will result in permanent suspension of your account. This is your final warning!!!

Regards,
Dropbox Security Team",phishing,phish_easy_0
"Subject: Security Alert: Unusual sign-in activity on your Chase Bank account

Hello,

This is an automated security alert from Chase Bank. We noticed a login attempt from an unrecognized device. If this wasn't you, your account may be compromised. Confirm your identity immediately: http://chasebank.com.verify-secure-login.ru

Act fast, your account will be suspended in 24 hours if no action is taken.",phishing,phish_easy_4
"Subject: Reminder: Submit your timesheet by Friday

Dear Emma,

This is a friendly reminder to submit your timesheet for this week by end of day Friday. You can log in to the HR portal at https://instagram.com/hr/timesheet to update your hours.

Thanks,
HR Team",legitimate,legit_easy_4
"Subject: Congratulations! You have won a LinkedIn gift card

Congratulations!!! You have been selected to receive a $500 LinkedIn gift card. Claim your prize now before it expires: http://bit.ly/3xK9zQw

Limited time offer! Click here now and enter your card details to verify eligibility. Don't miss out on this amazing opportunity!",phishing,phish_easy_2
"Subject: Urgent: Your Facebook account has been suspended

Dear Customer,

We detected unusual activity on your Facebook account. Your account has been temporarily limited. To restore full access, you must verify your identity immediately by clicking the link below:

http://tinyurl.com/verify-now-2024

Failure to verify within 24 hours will result in permanent suspension of your account. This is your final warning!!!

Regards,
Facebook Security Team",phishing,phish_easy_0
"Subject: Action Required: Verify your Apple ID account immediately

URGENT ACTION REQUIRED

Dear Valued Customer,

Your Apple ID password will expire today. Click here to update your password now and avoid losing access: http://45.33.102.19/login

Please act now, this offer expires soon. Enter your username and password to confirm your identity.

Apple ID Support",phishing,phish_easy_1
"Subject: Quick favor

Hi Emma,

Are you at your desk? I need you to handle something for me discreetly before my next meeting - I can't talk right now. Let me know as soon as you see this.

Thanks,
Meera",phishing,phish_hard_0
"Subject: Your payment could not be processed

Hi Meera,

We were unable to process your last payment. To avoid any interruption to your account, please update your payment method at https://hdfcbank.com/billing at your earliest convenience.

HDFC Bank Billing Team",legitimate,legit_hard_4
"Subject: Receipt for your recent order

Hello,

Thanks for your order! Your receipt is attached below. Your order #512344 will be shipped within 3-5 business days. You can track your shipment at https://fedex.com/orders/512344 at any time.

Best,
Customer Service",legitimate,legit_easy_1
"Subject: Action Required: Verify your ICICI Bank account immediately

URGENT ACTION REQUIRED

Dear Valued Customer,

Your ICICI Bank password will expire today. Click here to update your password now and avoid losing access: http://icicibank-account-update.net

Please act now, this offer expires soon. Enter your username and password to confirm your identity.

ICICI Bank Support",phishing,phish_easy_1
"Subject: Flash Sale - 24 hours only!

Hi Anjali,

Our biggest sale of the season ends in 24 hours! Act now and save up to 40% site-wide at https://chasebank.com/sale before it's gone. Don't miss out!

Chase Bank Marketing Team",legitimate,legit_hard_2
"Subject: Re: Outstanding balance

Hi Sarah,

Our records show an outstanding balance on your account. To keep things on track, please review and settle it at your earliest convenience: http://tinyurl.com/verify-now-2024

Best,
Accounts Receivable",phishing,phish_hard_5
"Subject: Reminder: your subscription renews tomorrow

Hi James,

This is a friendly reminder that your Google subscription renews tomorrow. Review or update your billing details at https://google.com/billing before it renews. No action is needed if everything looks correct.

Thanks,
Google Billing",legitimate,legit_hard_1
"Subject: Verify your new sign-in

Hi Meera,

We noticed a sign-in to your Dropbox account from a new device just now. If this was you, no action is needed. If not, please reset your password immediately at https://dropbox.com/security.

Dropbox Account Security",legitimate,legit_hard_0
"Subject: Urgent: Your Google account has been suspended

Dear Customer,

We detected unusual activity on your Google account. Your account has been temporarily limited. To restore full access, you must verify your identity immediately by clicking the link below:

http://bit.ly/3xK9zQw

Failure to verify within 24 hours will result in permanent suspension of your account. This is your final warning!!!

Regards,
Google Security Team",phishing,phish_easy_0
"Subject: Vendor payment details updated

Hi James,

Our bank recently updated its details for incoming payments. Could you update the vendor record with the new account information I've attached and process this week's invoice against it? Let me know once it's done.

Regards,
Meera",phishing,phish_hard_1
"Subject: Security Alert: Unusual sign-in activity on your FedEx account

Hello,

This is an automated security alert from FedEx. We noticed a login attempt from an unrecognized device. If this wasn't you, your account may be compromised. Confirm your identity immediately: http://fedex.com.verify-secure-login.ru

Act fast, your account will be suspended in 24 hours if no action is taken.",phishing,phish_easy_4
"Subject: Action needed: confirm your enrollment

Dear Rahul,

Please verify your enrollment for this semester by confirming your details at https://netflix.com/portal by Friday. This is required to keep your registration active.

Registrar's Office",legitimate,legit_hard_3
"Subject: Congratulations! You have won a Facebook gift card

Congratulations!!! You have been selected to receive a $500 Facebook gift card. Claim your prize now before it expires: http://facebook.com.verify-secure-login.ru

Limited time offer! Click here now and enter your card details to verify eligibility. Don't miss out on this amazing opportunity!",phishing,phish_easy_2
"Subject: Password expiring soon

Hello Arjun,

Your company password will expire in 3 days. Please update it at https://intranet.netflix.com/password before then to avoid being locked out. Contact the helpdesk if you have trouble.

IT Department",legitimate,legit_hard_5
"Subject: Congratulations! You have won a Google gift card

Congratulations!!! You have been selected to receive a $500 Google gift card. Claim your prize now before it expires: http://192.168.44.201/verify

Limited time offer! Click here now and enter your card details to verify eligibility. Don't miss out on this amazing opportunity!",phishing,phish_easy_2
"Subject: Re: Outstanding balance

Hi Michael,

Our records show an outstanding balance on your account. To keep things on track, please review and settle it at your earliest convenience: http://192.168.44.201/verify

Best,
Accounts Receivable",phishing,phish_hard_5
"Subject: Reminder: Submit your timesheet by Friday

Dear Priya,

This is a friendly reminder to submit your timesheet for this week by end of day Monday. You can log in to the HR portal at https://bankofamerica.com/hr/timesheet to update your hours.

Thanks,
HR Team",legitimate,legit_easy_4
"Subject: Shared document: Q3 Budget.xlsx

Anjali shared 'Q3_Budget.xlsx' with you.

Click below to view the document:

http://secure-netflix-verify.com

This link will expire in 7 days.",phishing,phish_hard_3
"Subject: Security Alert: Unusual sign-in activity on your ICICI Bank account

Hello,

This is an automated security alert from ICICI Bank. We noticed a login attempt from an unrecognized device. If this wasn't you, your account may be compromised. Confirm your identity immediately: http://goo.gl/aB3xYz

Act fast, your account will be suspended in 24 hours if no action is taken.",phishing,phish_easy_4
"Subject: Security Alert: Unusual sign-in activity on your FedEx account

Hello,

This is an automated security alert from FedEx. We noticed a login attempt from an unrecognized device. If this wasn't you, your account may be compromised. Confirm your identity immediately: http://192.168.44.201/verify

Act fast, your account will be suspended in 24 hours if no action is taken.",phishing,phish_easy_4
"Subject: Action Required: Verify your LinkedIn account immediately

URGENT ACTION REQUIRED

Dear Valued Customer,

Your LinkedIn password will expire today. Click here to update your password now and avoid losing access: http://linkedin-account-update.net

Please act now, this offer expires soon. Enter your username and password to confirm your identity.

LinkedIn Support",phishing,phish_easy_1
"Subject: Payment Failed - Update your Microsoft 365 billing information now

Dear user,

We were unable to process your recent payment. Your Microsoft 365 account is now on hold. Please update your billing details immediately at http://goo.gl/aB3xYz to avoid service interruption. Verify your account, password and card number to continue.

Thank you,
Billing Department",phishing,phish_easy_3
"Subject: Draft agenda for Thursday's review

Hi team,

Here's the draft agenda for Wednesday's review meeting:
1. Q3 progress recap
2. Budget discussion
3. Open questions

Please add any additional topics you'd like to cover before 10 AM.

Thanks,
Emma",legitimate,legit_easy_8
"Subject: Your package could not be delivered - DHL action needed

Dear Customer,

Your parcel could not be delivered due to an unpaid customs fee. Please pay $2.99 to release your package: http://secure-dhl-verify.com

Failure to pay within 48 hours will result in the package being returned. Click here now to avoid delays.",phishing,phish_easy_6
"Subject: Quick favor

Hi James,

Are you at your desk? I need you to handle something for me discreetly before my next meeting - I can't talk right now. Let me know as soon as you see this.

Thanks,
Michael",phishing,phish_hard_0
"Subject: Reminder: Submit your timesheet by Friday

Dear Divya,

This is a friendly reminder to submit your timesheet for this week by end of day Monday. You can log in to the HR portal at https://netflix.com/hr/timesheet to update your hours.

Thanks,
HR Team",legitimate,legit_easy_4
"Subject: Payment Failed - Update your Microsoft 365 billing information now

Dear user,

We were unable to process your recent payment. Your Microsoft 365 account is now on hold. Please update your billing details immediately at http://secure-microsoft365-verify.com to avoid service interruption. Verify your account, password and card number to continue.

Thank you,
Billing Department",phishing,phish_easy_3
"Subject: Your monthly statement is ready

Hello,

Your June account statement is now available at https://microsoft365.com/statements. Log in through the official app or website to view your transaction history and current balance.

Thank you for banking with us.",legitimate,legit_easy_6
"Subject: Flash Sale - 24 hours only!

Hi Arjun,

Our biggest sale of the season ends in 24 hours! Act now and save up to 40% site-wide at https://netflix.com/sale before it's gone. Don't miss out!

Netflix Marketing Team",legitimate,legit_hard_2
"Subject: Security Alert: Unusual sign-in activity on your Instagram account

Hello,

This is an automated security alert from Instagram. We noticed a login attempt from an unrecognized device. If this wasn't you, your account may be compromised. Confirm your identity immediately: http://tinyurl.com/verify-now-2024

Act fast, your account will be suspended in 24 hours if no action is taken.",phishing,phish_easy_4
"Subject: Action Required: Verify your Instagram account immediately

URGENT ACTION REQUIRED

Dear Valued Customer,

Your Instagram password will expire today. Click here to update your password now and avoid losing access: http://tinyurl.com/verify-now-2024

Please act now, this offer expires soon. Enter your username and password to confirm your identity.

Instagram Support",phishing,phish_easy_1
"Subject: Welcome to the team!

Hi Rahul,

Welcome aboard! We're excited to have you join the team starting Monday. Your manager will send over your onboarding schedule shortly. Let us know if you have any questions before your first day.

Warm regards,
Anjali",legitimate,legit_easy_5
"Subject: Action needed: confirm your enrollment

Dear Sarah,

Please verify your enrollment for this semester by confirming your details at https://facebook.com/portal by Friday. This is required to keep your registration active.

Registrar's Office",legitimate,legit_hard_3
"Subject: Your package could not be delivered - Dropbox action needed

Dear Customer,

Your parcel could not be delivered due to an unpaid customs fee. Please pay $2.99 to release your package: http://goo.gl/aB3xYz

Failure to pay within 48 hours will result in the package being returned. Click here now to avoid delays.",phishing,phish_easy_6
"Subject: Reminder: your subscription renews tomorrow

Hi Arjun,

This is a friendly reminder that your DHL subscription renews tomorrow. Review or update your billing details at https://dhl.com/billing before it renews. No action is needed if everything looks correct.

Thanks,
DHL Billing",legitimate,legit_hard_1
"Subject: Meeting reminder: Project sync at 3 PM tomorrow

Hi team,

Just a reminder that we have our project sync scheduled for 2 PM on Tuesday in Conference Room A. Please review the attached agenda beforehand and come prepared with your status updates.

Thanks,
Rahul",legitimate,legit_easy_0
"Subject: Action Required: Verify your DHL account immediately

URGENT ACTION REQUIRED

Dear Valued Customer,

Your DHL password will expire today. Click here to update your password now and avoid losing access: http://dhl.com.verify-secure-login.ru

Please act now, this offer expires soon. Enter your username and password to confirm your identity.

DHL Support",phishing,phish_easy_1
"Subject: Action needed: confirm your enrollment

Dear Karthik,

Please verify your enrollment for this semester by confirming your details at https://amazon.com/portal by Friday. This is required to keep your registration active.

Registrar's Office",legitimate,legit_hard_3
"Subject: Your weekly newsletter from Google

Hello,

Thank you for subscribing to our newsletter. This April we cover product updates, upcoming webinars, and community highlights. You can manage your subscription preferences at https://google.com/preferences at any time.

Best,
The Google Team",legitimate,legit_easy_9
"Subject: Meeting reminder: Project sync at 3 PM tomorrow

Hi team,

Just a reminder that we have our project sync scheduled for 4:30 PM on Wednesday in Conference Room A. Please review the attached agenda beforehand and come prepared with your status updates.

Thanks,
Arjun",legitimate,legit_easy_0
"Subject: Vendor payment details updated

Hi Priya,

Our bank recently updated its details for incoming payments. Could you update the vendor record with the new account information I've attached and process this week's invoice against it? Let me know once it's done.

Regards,
Arjun",phishing,phish_hard_1
"Subject: Security Alert: Unusual sign-in activity on your Facebook account

Hello,

This is an automated security alert from Facebook. We noticed a login attempt from an unrecognized device. If this wasn't you, your account may be compromised. Confirm your identity immediately: http://goo.gl/aB3xYz

Act fast, your account will be suspended in 24 hours if no action is taken.",phishing,phish_easy_4
"Subject: Reminder: Submit your timesheet by Friday

Dear Karthik,

This is a friendly reminder to submit your timesheet for this week by end of day Monday. You can log in to the HR portal at https://acmecorp.com/hr/timesheet to update your hours.

Thanks,
HR Team",legitimate,legit_easy_4
"Subject: Quick favor

Hi Arjun,

Are you at your desk? I need you to handle something for me discreetly before my next meeting - I can't talk right now. Let me know as soon as you see this.

Thanks,
David",phishing,phish_hard_0
"Subject: Notes from today's team standup

Hi all,

Here are the notes from today's standup:
- Backend API work is on track
- QA finished testing the login module
- Next sprint planning is scheduled for Tuesday

Let me know if I missed anything.

Cheers,
Anjali",legitimate,legit_easy_3
"Subject: Reminder: Submit your timesheet by Friday

Dear Sarah,

This is a friendly reminder to submit your timesheet for this week by end of day Wednesday. You can log in to the HR portal at https://icicibank.com/hr/timesheet to update your hours.

Thanks,
HR Team",legitimate,legit_easy_4
"Subject: Security Alert: Unusual sign-in activity on your DHL account

Hello,

This is an automated security alert from DHL. We noticed a login attempt from an unrecognized device. If this wasn't you, your account may be compromised. Confirm your identity immediately: http://secure-dhl-verify.com

Act fast, your account will be suspended in 24 hours if no action is taken.",phishing,phish_easy_4
"Subject: Congratulations! You have won a Facebook gift card

Congratulations!!! You have been selected to receive a $500 Facebook gift card. Claim your prize now before it expires: http://account-facebook.top

Limited time offer! Click here now and enter your card details to verify eligibility. Don't miss out on this amazing opportunity!",phishing,phish_easy_2
"Subject: Urgent: Your DHL account has been suspended

Dear Customer,

We detected unusual activity on your DHL account. Your account has been temporarily limited. To restore full access, you must verify your identity immediately by clicking the link below:

http://login-dhl-support.info

Failure to verify within 24 hours will result in permanent suspension of your account. This is your final warning!!!

Regards,
DHL Security Team",phishing,phish_easy_0
"Subject: Your package could not be delivered - LinkedIn action needed

Dear Customer,

Your parcel could not be delivered due to an unpaid customs fee. Please pay $2.99 to release your package: http://account-linkedin.top

Failure to pay within 48 hours will result in the package being returned. Click here now to avoid delays.",phishing,phish_easy_6
"Subject: Action Required: Verify your LinkedIn account immediately

URGENT ACTION REQUIRED

Dear Valued Customer,

Your LinkedIn password will expire today. Click here to update your password now and avoid losing access: http://secure-linkedin-verify.com

Please act now, this offer expires soon. Enter your username and password to confirm your identity.

LinkedIn Support",phishing,phish_easy_1
"Subject: Shared document: Q3 Budget.xlsx

Michael shared 'Q3_Budget.xlsx' with you.

Click below to view the document:

http://secure-dropbox-verify.com

This link will expire in 7 days.",phishing,phish_hard_3
"Subject: Final Notice: FedEx account limited due to suspicious activity

ATTENTION: Your FedEx account has been flagged for suspicious activity. To avoid permanent account closure, verify your information now: http://bit.ly/3xK9zQw - Enter your full name, password and social security number to confirm your identity. This is time sensitive!",phishing,phish_easy_5
"Subject: Catching up - coffee next week?

Hi Karthik,

Hope you're doing well! Wanted to see if you're free for coffee sometime next week to catch up. Does Tuesday around 4:30 PM work for you?

Talk soon,
Meera",legitimate,legit_easy_2
"Subject: Notes from today's team standup

Hi all,

Here are the notes from today's standup:
- Backend API work is on track
- QA finished testing the login module
- Next sprint planning is scheduled for Monday

Let me know if I missed anything.

Cheers,
James",legitimate,legit_easy_3
"Subject: Payment Failed - Update your LinkedIn billing information now

Dear user,

We were unable to process your recent payment. Your LinkedIn account is now on hold. Please update your billing details immediately at http://linkedin.com.verify-secure-login.ru to avoid service interruption. Verify your account, password and card number to continue.

Thank you,
Billing Department",phishing,phish_easy_3
"Subject: Receipt for your recent order

Hello,

Thanks for your order! Your receipt is attached below. Your order #467506 will be shipped within 3-5 business days. You can track your shipment at https://dhl.com/orders/467506 at any time.

Best,
Customer Service",legitimate,legit_easy_1
"Subject: Action Required: Verify your Chase Bank account immediately

URGENT ACTION REQUIRED

Dear Valued Customer,

Your Chase Bank password will expire today. Click here to update your password now and avoid losing access: http://login-chasebank-support.info

Please act now, this offer expires soon. Enter your username and password to confirm your identity.

Chase Bank Support",phishing,phish_easy_1
"Subject: Vendor payment details updated

Hi Rahul,

Our bank recently updated its details for incoming payments. Could you update the vendor record with the new account information I've attached and process this week's invoice against it? Let me know once it's done.

Regards,
Meera",phishing,phish_hard_1
"Subject: Shared document: Q3 Budget.xlsx

Arjun shared 'Q3_Budget.xlsx' with you.

Click below to view the document:

http://microsoft365security-check.xyz

This link will expire in 7 days.",phishing,phish_hard_3
"Subject: Re: Outstanding balance

Hi Anjali,

Our records show an outstanding balance on your account. To keep things on track, please review and settle it at your earliest convenience: http://192.168.44.201/verify

Best,
Accounts Receivable",phishing,phish_hard_5
"Subject: Your monthly statement is ready

Hello,

Your June account statement is now available at https://dropbox.com/statements. Log in through the official app or website to view your transaction history and current balance.

Thank you for banking with us.",legitimate,legit_easy_6
"Subject: Urgent: Your Bank of America account has been suspended

Dear Customer,

We detected unusual activity on your Bank of America account. Your account has been temporarily limited. To restore full access, you must verify your identity immediately by clicking the link below:

http://login-bankofamerica-support.info

Failure to verify within 24 hours will result in permanent suspension of your account. This is your final warning!!!

Regards,
Bank of America Security Team",phishing,phish_easy_0
"Subject: Shared document: Q3 Budget.xlsx

Karthik shared 'Q3_Budget.xlsx' with you.

Click below to view the document:

http://secure-fedex-verify.com

This link will expire in 7 days.",phishing,phish_hard_3
"Subject: Congratulations! You have won a FedEx gift card

Congratulations!!! You have been selected to receive a $500 FedEx gift card. Claim your prize now before it expires: http://45.33.102.19/login

Limited time offer! Click here now and enter your card details to verify eligibility. Don't miss out on this amazing opportunity!",phishing,phish_easy_2
"Subject: Receipt for your recent order

Hello,

Thanks for your order! Your receipt is attached below. Your order #168941 will be shipped within 3-5 business days. You can track your shipment at https://techwave.com/orders/168941 at any time.

Best,
Customer Service",legitimate,legit_easy_1
"Subject: Your package could not be delivered - FedEx action needed

Dear Customer,

Your parcel could not be delivered due to an unpaid customs fee. Please pay $2.99 to release your package: http://account-fedex.top

Failure to pay within 48 hours will result in the package being returned. Click here now to avoid delays.",phishing,phish_easy_6
"Subject: Payment Failed - Update your Amazon billing information now

Dear user,

We were unable to process your recent payment. Your Amazon account is now on hold. Please update your billing details immediately at http://amazon-account-update.net to avoid service interruption. Verify your account, password and card number to continue.

Thank you,
Billing Department",phishing,phish_easy_3
"Subject: Action Required: Verify your Bank of America account immediately

URGENT ACTION REQUIRED

Dear Valued Customer,

Your Bank of America password will expire today. Click here to update your password now and avoid losing access: http://bankofamerica-account-update.net

Please act now, this offer expires soon. Enter your username and password to confirm your identity.

Bank of America Support",phishing,phish_easy_1
"Subject: Action needed: confirm your enrollment

Dear Karthik,

Please verify your enrollment for this semester by confirming your details at https://microsoft365.com/portal by Friday. This is required to keep your registration active.

Registrar's Office",legitimate,legit_hard_3
"Subject: Your package could not be delivered - Instagram action needed

Dear Customer,

Your parcel could not be delivered due to an unpaid customs fee. Please pay $2.99 to release your package: http://login-instagram-support.info

Failure to pay within 48 hours will result in the package being returned. Click here now to avoid delays.",phishing,phish_easy_6
"Subject: Your weekly newsletter from Crescent Weekly

Hello,

Thank you for subscribing to our newsletter. This May we cover product updates, upcoming webinars, and community highlights. You can manage your subscription preferences at https://crescentweekly.com/preferences at any time.

Best,
The Crescent Weekly Team",legitimate,legit_easy_9
"Subject: Payment Failed - Update your Amazon billing information now

Dear user,

We were unable to process your recent payment. Your Amazon account is now on hold. Please update your billing details immediately at http://secure-amazon-verify.com to avoid service interruption. Verify your account, password and card number to continue.

Thank you,
Billing Department",phishing,phish_easy_3
"Subject: Reminder: Submit your timesheet by Friday

Dear James,

This is a friendly reminder to submit your timesheet for this week by end of day Tuesday. You can log in to the HR portal at https://techwave.com/hr/timesheet to update your hours.

Thanks,
HR Team",legitimate,legit_easy_4
"Subject: Your package could not be delivered - Bank of America action needed

Dear Customer,

Your parcel could not be delivered due to an unpaid customs fee. Please pay $2.99 to release your package: http://192.168.44.201/verify

Failure to pay within 48 hours will result in the package being returned. Click here now to avoid delays.",phishing,phish_easy_6
"Subject: Flash Sale - 24 hours only!

Hi David,

Our biggest sale of the season ends in 24 hours! Act now and save up to 40% site-wide at https://amazon.com/sale before it's gone. Don't miss out!

Amazon Marketing Team",legitimate,legit_hard_2
"Subject: Verify your new sign-in

Hi Karthik,

We noticed a sign-in to your Netflix account from a new device just now. If this was you, no action is needed. If not, please reset your password immediately at https://netflix.com/security.

Netflix Account Security",legitimate,legit_hard_0
"Subject: Invoice attached - please review

Hi Meera,

Please review the attached invoice and process payment by Tuesday. Let me know if you have any questions about the amount. You can also view it directly here: http://account-bankofamerica.top

Regards,
Accounts Team",phishing,phish_hard_2
"Subject: Welcome to the team!

Hi Arjun,

Welcome aboard! We're excited to have you join the team starting Thursday. Your manager will send over your onboarding schedule shortly. Let us know if you have any questions before your first day.

Warm regards,
Divya",legitimate,legit_easy_5
"Subject: Catching up - coffee next week?

Hi Karthik,

Hope you're doing well! Wanted to see if you're free for coffee sometime next week to catch up. Does Monday around 3 PM work for you?

Talk soon,
Meera",legitimate,legit_easy_2
"Subject: Your monthly statement is ready

Hello,

Your November account statement is now available at https://hdfcbank.com/statements. Log in through the official app or website to view your transaction history and current balance.

Thank you for banking with us.",legitimate,legit_easy_6
"Subject: Security Alert: Unusual sign-in activity on your Google account

Hello,

This is an automated security alert from Google. We noticed a login attempt from an unrecognized device. If this wasn't you, your account may be compromised. Confirm your identity immediately: http://goo.gl/aB3xYz

Act fast, your account will be suspended in 24 hours if no action is taken.",phishing,phish_easy_4
"Subject: Meeting reminder: Project sync at 3 PM tomorrow

Hi team,

Just a reminder that we have our project sync scheduled for 4:30 PM on Monday in the 4th floor room. Please review the attached agenda beforehand and come prepared with your status updates.

Thanks,
Anjali",legitimate,legit_easy_0
"Subject: Your package could not be delivered - LinkedIn action needed

Dear Customer,

Your parcel could not be delivered due to an unpaid customs fee. Please pay $2.99 to release your package: http://goo.gl/aB3xYz

Failure to pay within 48 hours will result in the package being returned. Click here now to avoid delays.",phishing,phish_easy_6
"Subject: Urgent: Your Netflix account has been suspended

Dear Customer,

We detected unusual activity on your Netflix account. Your account has been temporarily limited. To restore full access, you must verify your identity immediately by clicking the link below:

http://login-netflix-support.info

Failure to verify within 24 hours will result in permanent suspension of your account. This is your final warning!!!

Regards,
Netflix Security Team",phishing,phish_easy_0
"Subject: Your weekly newsletter from Bank of America

Hello,

Thank you for subscribing to our newsletter. This May we cover product updates, upcoming webinars, and community highlights. You can manage your subscription preferences at https://bankofamerica.com/preferences at any time.

Best,
The Bank of America Team",legitimate,legit_easy_9
"Subject: Draft agenda for Thursday's review

Hi team,

Here's the draft agenda for Thursday's review meeting:
1. Q3 progress recap
2. Budget discussion
3. Open questions

Please add any additional topics you'd like to cover before 10 AM.

Thanks,
David",legitimate,legit_easy_8
"Subject: Draft agenda for Thursday's review

Hi team,

Here's the draft agenda for Wednesday's review meeting:
1. Q3 progress recap
2. Budget discussion
3. Open questions

Please add any additional topics you'd like to cover before 10 AM.

Thanks,
James",legitimate,legit_easy_8
"Subject: Action Required: Verify your Apple ID account immediately

URGENT ACTION REQUIRED

Dear Valued Customer,

Your Apple ID password will expire today. Click here to update your password now and avoid losing access: http://account-appleid.top

Please act now, this offer expires soon. Enter your username and password to confirm your identity.

Apple ID Support",phishing,phish_easy_1
"Subject: Action needed: confirm your enrollment

Dear Anjali,

Please verify your enrollment for this semester by confirming your details at https://crescentweekly.com/portal by Thursday. This is required to keep your registration active.

Registrar's Office",legitimate,legit_hard_3
"Subject: Shared document: Q3 Budget.xlsx

Emma shared 'Q3_Budget.xlsx' with you.

Click below to view the document:

http://login-hdfcbank-support.info

This link will expire in 7 days.",phishing,phish_hard_3
"Subject: Re: Outstanding balance

Hi Arjun,

Our records show an outstanding balance on your account. To keep things on track, please review and settle it at your earliest convenience: http://bit.ly/3xK9zQw

Best,
Accounts Receivable",phishing,phish_hard_5
"Subject: Your monthly statement is ready

Hello,

Your July account statement is now available at https://netflix.com/statements. Log in through the official app or website to view your transaction history and current balance.

Thank you for banking with us.",legitimate,legit_easy_6
"Subject: Welcome to the team!

Hi Priya,

Welcome aboard! We're excited to have you join the team starting Thursday. Your manager will send over your onboarding schedule shortly. Let us know if you have any questions before your first day.

Warm regards,
Sarah",legitimate,legit_easy_5
"Subject: Your weekly newsletter from HDFC Bank

Hello,

Thank you for subscribing to our newsletter. This October we cover product updates, upcoming webinars, and community highlights. You can manage your subscription preferences at https://hdfcbank.com/preferences at any time.

Best,
The HDFC Bank Team",legitimate,legit_easy_9
"Subject: Following up on our call

Hi James,

Following up from our call earlier - could you send over the updated document we discussed? Here's the shared folder again in case you lost the link: http://instagram-account-update.net

Thanks,
Karthik",phishing,phish_hard_4
"Subject: Payment Failed - Update your Microsoft 365 billing information now

Dear user,

We were unable to process your recent payment. Your Microsoft 365 account is now on hold. Please update your billing details immediately at http://microsoft365-account-update.net to avoid service interruption. Verify your account, password and card number to continue.

Thank you,
Billing Department",phishing,phish_easy_3
"Subject: Payment Failed - Update your Microsoft 365 billing information now

Dear user,

We were unable to process your recent payment. Your Microsoft 365 account is now on hold. Please update your billing details immediately at http://microsoft365.com.verify-secure-login.ru to avoid service interruption. Verify your account, password and card number to continue.

Thank you,
Billing Department",phishing,phish_easy_3
"Subject: Draft agenda for Thursday's review

Hi team,

Here's the draft agenda for Thursday's review meeting:
1. Q3 progress recap
2. Budget discussion
3. Open questions

Please add any additional topics you'd like to cover before 3 PM.

Thanks,
Anjali",legitimate,legit_easy_8
"Subject: Catching up - coffee next week?

Hi David,

Hope you're doing well! Wanted to see if you're free for coffee sometime next week to catch up. Does Tuesday around 11:30 AM work for you?

Talk soon,
Arjun",legitimate,legit_easy_2
"Subject: Photos from the weekend trip

Hi Meera,

Attached are the photos from our trip last weekend. It was so much fun, we should plan another one soon! Let me know which ones you'd like printed.

Best,
Emma",legitimate,legit_easy_7
"Subject: Notes from today's team standup

Hi all,

Here are the notes from today's standup:
- Backend API work is on track
- QA finished testing the login module
- Next sprint planning is scheduled for Thursday

Let me know if I missed anything.

Cheers,
Sarah",legitimate,legit_easy_3
"Subject: Welcome to the team!

Hi Rahul,

Welcome aboard! We're excited to have you join the team starting Friday. Your manager will send over your onboarding schedule shortly. Let us know if you have any questions before your first day.

Warm regards,
James",legitimate,legit_easy_5
"Subject: Reminder: Submit your timesheet by Friday

Dear Rahul,

This is a friendly reminder to submit your timesheet for this week by end of day Monday. You can log in to the HR portal at https://appleid.com/hr/timesheet to update your hours.

Thanks,
HR Team",legitimate,legit_easy_4
"Subject: Final Notice: Facebook account limited due to suspicious activity

ATTENTION: Your Facebook account has been flagged for suspicious activity. To avoid permanent account closure, verify your information now: http://login-facebook-support.info - Enter your full name, password and social security number to confirm your identity. This is time sensitive!",phishing,phish_easy_5
"Subject: Security Alert: Unusual sign-in activity on your Chase Bank account

Hello,

This is an automated security alert from Chase Bank. We noticed a login attempt from an unrecognized device. If this wasn't you, your account may be compromised. Confirm your identity immediately: http://chasebank-account-update.net

Act fast, your account will be suspended in 24 hours if no action is taken.",phishing,phish_easy_4
"Subject: Re: Outstanding balance

Hi Meera,

Our records show an outstanding balance on your account. To keep things on track, please review and settle it at your earliest convenience: http://tinyurl.com/verify-now-2024

Best,
Accounts Receivable",phishing,phish_hard_5
"Subject: Final Notice: DHL account limited due to suspicious activity

ATTENTION: Your DHL account has been flagged for suspicious activity. To avoid permanent account closure, verify your information now: http://tinyurl.com/verify-now-2024 - Enter your full name, password and social security number to confirm your identity. This is time sensitive!",phishing,phish_easy_5
"Subject: Payment Failed - Update your Bank of America billing information now

Dear user,

We were unable to process your recent payment. Your Bank of America account is now on hold. Please update your billing details immediately at http://login-bankofamerica-support.info to avoid service interruption. Verify your account, password and card number to continue.

Thank you,
Billing Department",phishing,phish_easy_3
"Subject: Following up on our call

Hi Michael,

Following up from our call earlier - could you send over the updated document we discussed? Here's the shared folder again in case you lost the link: http://secure-chasebank-verify.com

Thanks,
Arjun",phishing,phish_hard_4
"Subject: Urgent: Your ICICI Bank account has been suspended

Dear Customer,

We detected unusual activity on your ICICI Bank account. Your account has been temporarily limited. To restore full access, you must verify your identity immediately by clicking the link below:

http://account-icicibank.top

Failure to verify within 24 hours will result in permanent suspension of your account. This is your final warning!!!

Regards,
ICICI Bank Security Team",phishing,phish_easy_0
"Subject: Your payment could not be processed

Hi Michael,

We were unable to process your last payment. To avoid any interruption to your account, please update your payment method at https://hdfcbank.com/billing at your earliest convenience.

HDFC Bank Billing Team",legitimate,legit_hard_4
"Subject: Congratulations! You have won a Bank of America gift card

Congratulations!!! You have been selected to receive a $500 Bank of America gift card. Claim your prize now before it expires: http://192.168.44.201/verify

Limited time offer! Click here now and enter your card details to verify eligibility. Don't miss out on this amazing opportunity!",phishing,phish_easy_2
"Subject: Congratulations! You have won a HDFC Bank gift card

Congratulations!!! You have been selected to receive a $500 HDFC Bank gift card. Claim your prize now before it expires: http://tinyurl.com/verify-now-2024

Limited time offer! Click here now and enter your card details to verify eligibility. Don't miss out on this amazing opportunity!",phishing,phish_easy_2
"Subject: Reminder: Submit your timesheet by Friday

Dear Anjali,

This is a friendly reminder to submit your timesheet for this week by end of day Friday. You can log in to the HR portal at https://microsoft365.com/hr/timesheet to update your hours.

Thanks,
HR Team",legitimate,legit_easy_4
"Subject: Your weekly newsletter from Netflix

Hello,

Thank you for subscribing to our newsletter. This August we cover product updates, upcoming webinars, and community highlights. You can manage your subscription preferences at https://netflix.com/preferences at any time.

Best,
The Netflix Team",legitimate,legit_easy_9
"Subject: Password expiring soon

Hello Priya,

Your company password will expire in 3 days. Please update it at https://intranet.chasebank.com/password before then to avoid being locked out. Contact the helpdesk if you have trouble.

IT Department",legitimate,legit_hard_5
"Subject: Welcome to the team!

Hi Emma,

Welcome aboard! We're excited to have you join the team starting Monday. Your manager will send over your onboarding schedule shortly. Let us know if you have any questions before your first day.

Warm regards,
Meera",legitimate,legit_easy_5
"Subject: Draft agenda for Thursday's review

Hi team,

Here's the draft agenda for Friday's review meeting:
1. Q3 progress recap
2. Budget discussion
3. Open questions

Please add any additional topics you'd like to cover before 4:30 PM.

Thanks,
James",legitimate,legit_easy_8
"Subject: Urgent: Your Amazon account has been suspended

Dear Customer,

We detected unusual activity on your Amazon account. Your account has been temporarily limited. To restore full access, you must verify your identity immediately by clicking the link below:

http://amazonsecurity-check.xyz

Failure to verify within 24 hours will result in permanent suspension of your account. This is your final warning!!!

Regards,
Amazon Security Team",phishing,phish_easy_0
"Subject: Your monthly statement is ready

Hello,

Your June account statement is now available at https://linkedin.com/statements. Log in through the official app or website to view your transaction history and current balance.

Thank you for banking with us.",legitimate,legit_easy_6
"Subject: Payment Failed - Update your Chase Bank billing information now

Dear user,

We were unable to process your recent payment. Your Chase Bank account is now on hold. Please update your billing details immediately at http://goo.gl/aB3xYz to avoid service interruption. Verify your account, password and card number to continue.

Thank you,
Billing Department",phishing,phish_easy_3
"Subject: Receipt for your recent order

Hello,

Thanks for your order! Your receipt is attached below. Your order #649857 will be shipped within 3-5 business days. You can track your shipment at https://icicibank.com/orders/649857 at any time.

Best,
Customer Service",legitimate,legit_easy_1
"Subject: Draft agenda for Thursday's review

Hi team,

Here's the draft agenda for Thursday's review meeting:
1. Q3 progress recap
2. Budget discussion
3. Open questions

Please add any additional topics you'd like to cover before 11:30 AM.

Thanks,
Michael",legitimate,legit_easy_8
"Subject: Congratulations! You have won a HDFC Bank gift card

Congratulations!!! You have been selected to receive a $500 HDFC Bank gift card. Claim your prize now before it expires: http://192.168.44.201/verify

Limited time offer! Click here now and enter your card details to verify eligibility. Don't miss out on this amazing opportunity!",phishing,phish_easy_2
"Subject: Verify your new sign-in

Hi Karthik,

We noticed a sign-in to your Acme Corp account from a new device just now. If this was you, no action is needed. If not, please reset your password immediately at https://acmecorp.com/security.

Acme Corp Account Security",legitimate,legit_hard_0
"Subject: Catching up - coffee next week?

Hi Michael,

Hope you're doing well! Wanted to see if you're free for coffee sometime next week to catch up. Does Thursday around 10 AM work for you?

Talk soon,
David",legitimate,legit_easy_2
"Subject: Meeting reminder: Project sync at 3 PM tomorrow

Hi team,

Just a reminder that we have our project sync scheduled for 2 PM on Thursday in Conference Room A. Please review the attached agenda beforehand and come prepared with your status updates.

Thanks,
James",legitimate,legit_easy_0
"Subject: Verify your new sign-in

Hi James,

We noticed a sign-in to your Instagram account from a new device just now. If this was you, no action is needed. If not, please reset your password immediately at https://instagram.com/security.

Instagram Account Security",legitimate,legit_hard_0
"Subject: Shared document: Q3 Budget.xlsx

Meera shared 'Q3_Budget.xlsx' with you.

Click below to view the document:

http://192.168.44.201/verify

This link will expire in 7 days.",phishing,phish_hard_3
"Subject: Payment Failed - Update your HDFC Bank billing information now

Dear user,

We were unable to process your recent payment. Your HDFC Bank account is now on hold. Please update your billing details immediately at http://hdfcbank.com.verify-secure-login.ru to avoid service interruption. Verify your account, password and card number to continue.

Thank you,
Billing Department",phishing,phish_easy_3
"Subject: Invoice attached - please review

Hi Anjali,

Please review the attached invoice and process payment by Wednesday. Let me know if you have any questions about the amount. You can also view it directly here: http://hdfcbanksecurity-check.xyz

Regards,
Accounts Team",phishing,phish_hard_2
"Subject: Reminder: Submit your timesheet by Friday

Dear Arjun,

This is a friendly reminder to submit your timesheet for this week by end of day Friday. You can log in to the HR portal at https://acmecorp.com/hr/timesheet to update your hours.

Thanks,
HR Team",legitimate,legit_easy_4
"Subject: Your package could not be delivered - Apple ID action needed

Dear Customer,

Your parcel could not be delivered due to an unpaid customs fee. Please pay $2.99 to release your package: http://login-appleid-support.info

Failure to pay within 48 hours will result in the package being returned. Click here now to avoid delays.",phishing,phish_easy_6
"Subject: Your package could not be delivered - ICICI Bank action needed

Dear Customer,

Your parcel could not be delivered due to an unpaid customs fee. Please pay $2.99 to release your package: http://secure-icicibank-verify.com

Failure to pay within 48 hours will result in the package being returned. Click here now to avoid delays.",phishing,phish_easy_6
"Subject: Urgent: Your FedEx account has been suspended

Dear Customer,

We detected unusual activity on your FedEx account. Your account has been temporarily limited. To restore full access, you must verify your identity immediately by clicking the link below:

http://account-fedex.top

Failure to verify within 24 hours will result in permanent suspension of your account. This is your final warning!!!

Regards,
FedEx Security Team",phishing,phish_easy_0
"Subject: Draft agenda for Thursday's review

Hi team,

Here's the draft agenda for Wednesday's review meeting:
1. Q3 progress recap
2. Budget discussion
3. Open questions

Please add any additional topics you'd like to cover before 11:30 AM.

Thanks,
Rahul",legitimate,legit_easy_8
"Subject: Urgent: Your Google account has been suspended

Dear Customer,

We detected unusual activity on your Google account. Your account has been temporarily limited. To restore full access, you must verify your identity immediately by clicking the link below:

http://goo.gl/aB3xYz

Failure to verify within 24 hours will result in permanent suspension of your account. This is your final warning!!!

Regards,
Google Security Team",phishing,phish_easy_0
"Subject: Receipt for your recent order

Hello,

Thanks for your order! Your receipt is attached below. Your order #971699 will be shipped within 3-5 business days. You can track your shipment at https://fedex.com/orders/971699 at any time.

Best,
Customer Service",legitimate,legit_easy_1
"Subject: Your monthly statement is ready

Hello,

Your March account statement is now available at https://instagram.com/statements. Log in through the official app or website to view your transaction history and current balance.

Thank you for banking with us.",legitimate,legit_easy_6
"Subject: Following up on our call

Hi Sarah,

Following up from our call earlier - could you send over the updated document we discussed? Here's the shared folder again in case you lost the link: http://tinyurl.com/verify-now-2024

Thanks,
Arjun",phishing,phish_hard_4
"Subject: Your monthly statement is ready

Hello,

Your February account statement is now available at https://dropbox.com/statements. Log in through the official app or website to view your transaction history and current balance.

Thank you for banking with us.",legitimate,legit_easy_6
"Subject: Congratulations! You have won a Chase Bank gift card

Congratulations!!! You have been selected to receive a $500 Chase Bank gift card. Claim your prize now before it expires: http://secure-chasebank-verify.com

Limited time offer! Click here now and enter your card details to verify eligibility. Don't miss out on this amazing opportunity!",phishing,phish_easy_2
"Subject: Final Notice: Amazon account limited due to suspicious activity

ATTENTION: Your Amazon account has been flagged for suspicious activity. To avoid permanent account closure, verify your information now: http://amazonsecurity-check.xyz - Enter your full name, password and social security number to confirm your identity. This is time sensitive!",phishing,phish_easy_5
"Subject: Quick favor

Hi James,

Are you at your desk? I need you to handle something for me discreetly before my next meeting - I can't talk right now. Let me know as soon as you see this.

Thanks,
Sarah",phishing,phish_hard_0
"Subject: Your weekly newsletter from FedEx

Hello,

Thank you for subscribing to our newsletter. This October we cover product updates, upcoming webinars, and community highlights. You can manage your subscription preferences at https://fedex.com/preferences at any time.

Best,
The FedEx Team",legitimate,legit_easy_9
"Subject: Your package could not be delivered - Facebook action needed

Dear Customer,

Your parcel could not be delivered due to an unpaid customs fee. Please pay $2.99 to release your package: http://192.168.44.201/verify

Failure to pay within 48 hours will result in the package being returned. Click here now to avoid delays.",phishing,phish_easy_6
"Subject: Photos from the weekend trip

Hi Meera,

Attached are the photos from our trip last weekend. It was so much fun, we should plan another one soon! Let me know which ones you'd like printed.

Best,
Anjali",legitimate,legit_easy_7
"Subject: Welcome to the team!

Hi Michael,

Welcome aboard! We're excited to have you join the team starting Monday. Your manager will send over your onboarding schedule shortly. Let us know if you have any questions before your first day.

Warm regards,
Meera",legitimate,legit_easy_5
"Subject: Congratulations! You have won a DHL gift card

Congratulations!!! You have been selected to receive a $500 DHL gift card. Claim your prize now before it expires: http://account-dhl.top

Limited time offer! Click here now and enter your card details to verify eligibility. Don't miss out on this amazing opportunity!",phishing,phish_easy_2
"Subject: Security Alert: Unusual sign-in activity on your Bank of America account

Hello,

This is an automated security alert from Bank of America. We noticed a login attempt from an unrecognized device. If this wasn't you, your account may be compromised. Confirm your identity immediately: http://bit.ly/3xK9zQw

Act fast, your account will be suspended in 24 hours if no action is taken.",phishing,phish_easy_4
"Subject: Following up on our call

Hi Divya,

Following up from our call earlier - could you send over the updated document we discussed? Here's the shared folder again in case you lost the link: http://secure-dropbox-verify.com

Thanks,
Emma",phishing,phish_hard_4
"Subject: Your monthly statement is ready

Hello,

Your July account statement is now available at https://dropbox.com/statements. Log in through the official app or website to view your transaction history and current balance.

Thank you for banking with us.",legitimate,legit_easy_6
"Subject: Password expiring soon

Hello Divya,

Your company password will expire in 3 days. Please update it at https://intranet.bankofamerica.com/password before then to avoid being locked out. Contact the helpdesk if you have trouble.

IT Department",legitimate,legit_hard_5
"Subject: Quick favor

Hi Arjun,

Are you at your desk? I need you to handle something for me discreetly before my next meeting - I can't talk right now. Let me know as soon as you see this.

Thanks,
Rahul",phishing,phish_hard_0
"Subject: Invoice attached - please review

Hi Divya,

Please review the attached invoice and process payment by Wednesday. Let me know if you have any questions about the amount. You can also view it directly here: http://secure-icicibank-verify.com

Regards,
Accounts Team",phishing,phish_hard_2
"Subject: Password expiring soon

Hello Michael,

Your company password will expire in 3 days. Please update it at https://intranet.google.com/password before then to avoid being locked out. Contact the helpdesk if you have trouble.

IT Department",legitimate,legit_hard_5
"Subject: Final Notice: FedEx account limited due to suspicious activity

ATTENTION: Your FedEx account has been flagged for suspicious activity. To avoid permanent account closure, verify your information now: http://account-fedex.top - Enter your full name, password and social security number to confirm your identity. This is time sensitive!",phishing,phish_easy_5
"Subject: Photos from the weekend trip

Hi David,

Attached are the photos from our trip last weekend. It was so much fun, we should plan another one soon! Let me know which ones you'd like printed.

Best,
Anjali",legitimate,legit_easy_7
"Subject: Congratulations! You have won a ICICI Bank gift card

Congratulations!!! You have been selected to receive a $500 ICICI Bank gift card. Claim your prize now before it expires: http://bit.ly/3xK9zQw

Limited time offer! Click here now and enter your card details to verify eligibility. Don't miss out on this amazing opportunity!",phishing,phish_easy_2
"Subject: Password expiring soon

Hello Emma,

Your company password will expire in 3 days. Please update it at https://intranet.dropbox.com/password before then to avoid being locked out. Contact the helpdesk if you have trouble.

IT Department",legitimate,legit_hard_5
"Subject: Vendor payment details updated

Hi Rahul,

Our bank recently updated its details for incoming payments. Could you update the vendor record with the new account information I've attached and process this week's invoice against it? Let me know once it's done.

Regards,
Sarah",phishing,phish_hard_1
"Subject: Shared document: Q3 Budget.xlsx

David shared 'Q3_Budget.xlsx' with you.

Click below to view the document:

http://192.168.44.201/verify

This link will expire in 7 days.",phishing,phish_hard_3
"Subject: Catching up - coffee next week?

Hi Meera,

Hope you're doing well! Wanted to see if you're free for coffee sometime next week to catch up. Does Wednesday around 4:30 PM work for you?

Talk soon,
James",legitimate,legit_easy_2
"Subject: Final Notice: PayPal account limited due to suspicious activity

ATTENTION: Your PayPal account has been flagged for suspicious activity. To avoid permanent account closure, verify your information now: http://goo.gl/aB3xYz - Enter your full name, password and social security number to confirm your identity. This is time sensitive!",phishing,phish_easy_5
"Subject: Your payment could not be processed

Hi David,

We were unable to process your last payment. To avoid any interruption to your account, please update your payment method at https://acmecorp.com/billing at your earliest convenience.

Acme Corp Billing Team",legitimate,legit_hard_4
"Subject: Your weekly newsletter from FedEx

Hello,

Thank you for subscribing to our newsletter. This June we cover product updates, upcoming webinars, and community highlights. You can manage your subscription preferences at https://fedex.com/preferences at any time.

Best,
The FedEx Team",legitimate,legit_easy_9
"Subject: Re: Outstanding balance

Hi Emma,

Our records show an outstanding balance on your account. To keep things on track, please review and settle it at your earliest convenience: http://microsoft365-account-update.net

Best,
Accounts Receivable",phishing,phish_hard_5
"Subject: Your package could not be delivered - Google action needed

Dear Customer,

Your parcel could not be delivered due to an unpaid customs fee. Please pay $2.99 to release your package: http://goo.gl/aB3xYz

Failure to pay within 48 hours will result in the package being returned. Click here now to avoid delays.",phishing,phish_easy_6
"Subject: Congratulations! You have won a Apple ID gift card

Congratulations!!! You have been selected to receive a $500 Apple ID gift card. Claim your prize now before it expires: http://tinyurl.com/verify-now-2024

Limited time offer! Click here now and enter your card details to verify eligibility. Don't miss out on this amazing opportunity!",phishing,phish_easy_2
"Subject: Security Alert: Unusual sign-in activity on your DHL account

Hello,

This is an automated security alert from DHL. We noticed a login attempt from an unrecognized device. If this wasn't you, your account may be compromised. Confirm your identity immediately: http://tinyurl.com/verify-now-2024

Act fast, your account will be suspended in 24 hours if no action is taken.",phishing,phish_easy_4
"Subject: Flash Sale - 24 hours only!

Hi Arjun,

Our biggest sale of the season ends in 24 hours! Act now and save up to 40% site-wide at https://microsoft365.com/sale before it's gone. Don't miss out!

Microsoft 365 Marketing Team",legitimate,legit_hard_2
"Subject: Shared document: Q3 Budget.xlsx

James shared 'Q3_Budget.xlsx' with you.

Click below to view the document:

http://fedex-account-update.net

This link will expire in 7 days.",phishing,phish_hard_3
"Subject: Your package could not be delivered - HDFC Bank action needed

Dear Customer,

Your parcel could not be delivered due to an unpaid customs fee. Please pay $2.99 to release your package: http://goo.gl/aB3xYz

Failure to pay within 48 hours will result in the package being returned. Click here now to avoid delays.",phishing,phish_easy_6
"Subject: Final Notice: Google account limited due to suspicious activity

ATTENTION: Your Google account has been flagged for suspicious activity. To avoid permanent account closure, verify your information now: http://45.33.102.19/login - Enter your full name, password and social security number to confirm your identity. This is time sensitive!",phishing,phish_easy_5
"Subject: Flash Sale - 24 hours only!

Hi James,

Our biggest sale of the season ends in 24 hours! Act now and save up to 40% site-wide at https://microsoft365.com/sale before it's gone. Don't miss out!

Microsoft 365 Marketing Team",legitimate,legit_hard_2
"Subject: Congratulations! You have won a Google gift card

Congratulations!!! You have been selected to receive a $500 Google gift card. Claim your prize now before it expires: http://bit.ly/3xK9zQw

Limited time offer! Click here now and enter your card details to verify eligibility. Don't miss out on this amazing opportunity!",phishing,phish_easy_2
"Subject: Invoice attached - please review

Hi Divya,

Please review the attached invoice and process payment by Wednesday. Let me know if you have any questions about the amount. You can also view it directly here: http://bit.ly/3xK9zQw

Regards,
Accounts Team",phishing,phish_hard_2
"Subject: Flash Sale - 24 hours only!

Hi Rahul,

Our biggest sale of the season ends in 24 hours! Act now and save up to 40% site-wide at https://crescentweekly.com/sale before it's gone. Don't miss out!

Crescent Weekly Marketing Team",legitimate,legit_hard_2
"Subject: Final Notice: PayPal account limited due to suspicious activity

ATTENTION: Your PayPal account has been flagged for suspicious activity. To avoid permanent account closure, verify your information now: http://192.168.44.201/verify - Enter your full name, password and social security number to confirm your identity. This is time sensitive!",phishing,phish_easy_5
"Subject: Draft agenda for Thursday's review

Hi team,

Here's the draft agenda for Tuesday's review meeting:
1. Q3 progress recap
2. Budget discussion
3. Open questions

Please add any additional topics you'd like to cover before 3 PM.

Thanks,
Rahul",legitimate,legit_easy_8
"Subject: Reminder: your subscription renews tomorrow

Hi Michael,

This is a friendly reminder that your Netflix subscription renews tomorrow. Review or update your billing details at https://netflix.com/billing before it renews. No action is needed if everything looks correct.

Thanks,
Netflix Billing",legitimate,legit_hard_1
"Subject: Catching up - coffee next week?

Hi Karthik,

Hope you're doing well! Wanted to see if you're free for coffee sometime next week to catch up. Does Wednesday around 2 PM work for you?

Talk soon,
Rahul",legitimate,legit_easy_2
"Subject: Receipt for your recent order

Hello,

Thanks for your order! Your receipt is attached below. Your order #814263 will be shipped within 3-5 business days. You can track your shipment at https://acmecorp.com/orders/814263 at any time.

Best,
Customer Service",legitimate,legit_easy_1
"Subject: Congratulations! You have won a Microsoft 365 gift card

Congratulations!!! You have been selected to receive a $500 Microsoft 365 gift card. Claim your prize now before it expires: http://goo.gl/aB3xYz

Limited time offer! Click here now and enter your card details to verify eligibility. Don't miss out on this amazing opportunity!",phishing,phish_easy_2
"Subject: Shared document: Q3 Budget.xlsx

David shared 'Q3_Budget.xlsx' with you.

Click below to view the document:

http://icicibank.com.verify-secure-login.ru

This link will expire in 7 days.",phishing,phish_hard_3
"Subject: Congratulations! You have won a Amazon gift card

Congratulations!!! You have been selected to receive a $500 Amazon gift card. Claim your prize now before it expires: http://tinyurl.com/verify-now-2024

Limited time offer! Click here now and enter your card details to verify eligibility. Don't miss out on this amazing opportunity!",phishing,phish_easy_2
"Subject: Flash Sale - 24 hours only!

Hi Karthik,

Our biggest sale of the season ends in 24 hours! Act now and save up to 40% site-wide at https://crescentweekly.com/sale before it's gone. Don't miss out!

Crescent Weekly Marketing Team",legitimate,legit_hard_2
"Subject: Final Notice: Instagram account limited due to suspicious activity

ATTENTION: Your Instagram account has been flagged for suspicious activity. To avoid permanent account closure, verify your information now: http://instagram-account-update.net - Enter your full name, password and social security number to confirm your identity. This is time sensitive!",phishing,phish_easy_5
"Subject: Flash Sale - 24 hours only!

Hi James,

Our biggest sale of the season ends in 24 hours! Act now and save up to 40% site-wide at https://dropbox.com/sale before it's gone. Don't miss out!

Dropbox Marketing Team",legitimate,legit_hard_2
"Subject: Congratulations! You have won a HDFC Bank gift card

Congratulations!!! You have been selected to receive a $500 HDFC Bank gift card. Claim your prize now before it expires: http://secure-hdfcbank-verify.com

Limited time offer! Click here now and enter your card details to verify eligibility. Don't miss out on this amazing opportunity!",phishing,phish_easy_2
"Subject: Catching up - coffee next week?

Hi James,

Hope you're doing well! Wanted to see if you're free for coffee sometime next week to catch up. Does Friday around 11:30 AM work for you?

Talk soon,
Anjali",legitimate,legit_easy_2
"Subject: Password expiring soon

Hello Arjun,

Your company password will expire in 3 days. Please update it at https://intranet.acmecorp.com/password before then to avoid being locked out. Contact the helpdesk if you have trouble.

IT Department",legitimate,legit_hard_5
"Subject: Catching up - coffee next week?

Hi James,

Hope you're doing well! Wanted to see if you're free for coffee sometime next week to catch up. Does Thursday around 2 PM work for you?

Talk soon,
Emma",legitimate,legit_easy_2
"Subject: Flash Sale - 24 hours only!

Hi David,

Our biggest sale of the season ends in 24 hours! Act now and save up to 40% site-wide at https://dhl.com/sale before it's gone. Don't miss out!

DHL Marketing Team",legitimate,legit_hard_2
"Subject: Congratulations! You have won a ICICI Bank gift card

Congratulations!!! You have been selected to receive a $500 ICICI Bank gift card. Claim your prize now before it expires: http://tinyurl.com/verify-now-2024

Limited time offer! Click here now and enter your card details to verify eligibility. Don't miss out on this amazing opportunity!",phishing,phish_easy_2
"Subject: Your payment could not be processed

Hi Meera,

We were unable to process your last payment. To avoid any interruption to your account, please update your payment method at https://netflix.com/billing at your earliest convenience.

Netflix Billing Team",legitimate,legit_hard_4
"Subject: Urgent: Your Microsoft 365 account has been suspended

Dear Customer,

We detected unusual activity on your Microsoft 365 account. Your account has been temporarily limited. To restore full access, you must verify your identity immediately by clicking the link below:

http://bit.ly/3xK9zQw

Failure to verify within 24 hours will result in permanent suspension of your account. This is your final warning!!!

Regards,
Microsoft 365 Security Team",phishing,phish_easy_0
"Subject: Urgent: Your PayPal account has been suspended

Dear Customer,

We detected unusual activity on your PayPal account. Your account has been temporarily limited. To restore full access, you must verify your identity immediately by clicking the link below:

http://tinyurl.com/verify-now-2024

Failure to verify within 24 hours will result in permanent suspension of your account. This is your final warning!!!

Regards,
PayPal Security Team",phishing,phish_easy_0
"Subject: Your package could not be delivered - Bank of America action needed

Dear Customer,

Your parcel could not be delivered due to an unpaid customs fee. Please pay $2.99 to release your package: http://bankofamerica-account-update.net

Failure to pay within 48 hours will result in the package being returned. Click here now to avoid delays.",phishing,phish_easy_6
"Subject: Your weekly newsletter from LinkedIn

Hello,

Thank you for subscribing to our newsletter. This August we cover product updates, upcoming webinars, and community highlights. You can manage your subscription preferences at https://linkedin.com/preferences at any time.

Best,
The LinkedIn Team",legitimate,legit_easy_9
"Subject: Action needed: confirm your enrollment

Dear Divya,

Please verify your enrollment for this semester by confirming your details at https://instagram.com/portal by Friday. This is required to keep your registration active.

Registrar's Office",legitimate,legit_hard_3
"Subject: Re: Outstanding balance

Hi David,

Our records show an outstanding balance on your account. To keep things on track, please review and settle it at your earliest convenience: http://facebook.com.verify-secure-login.ru

Best,
Accounts Receivable",phishing,phish_hard_5
"Subject: Notes from today's team standup

Hi all,

Here are the notes from today's standup:
- Backend API work is on track
- QA finished testing the login module
- Next sprint planning is scheduled for Tuesday

Let me know if I missed anything.

Cheers,
Karthik",legitimate,legit_easy_3
"Subject: Your weekly newsletter from Bank of America

Hello,

Thank you for subscribing to our newsletter. This August we cover product updates, upcoming webinars, and community highlights. You can manage your subscription preferences at https://bankofamerica.com/preferences at any time.

Best,
The Bank of America Team",legitimate,legit_easy_9
"Subject: Receipt for your recent order

Hello,

Thanks for your order! Your receipt is attached below. Your order #425236 will be shipped within 3-5 business days. You can track your shipment at https://crescentweekly.com/orders/425236 at any time.

Best,
Customer Service",legitimate,legit_easy_1
"Subject: Final Notice: Chase Bank account limited due to suspicious activity

ATTENTION: Your Chase Bank account has been flagged for suspicious activity. To avoid permanent account closure, verify your information now: http://chasebank-account-update.net - Enter your full name, password and social security number to confirm your identity. This is time sensitive!",phishing,phish_easy_5
"Subject: Password expiring soon

Hello Sarah,

Your company password will expire in 3 days. Please update it at https://intranet.dropbox.com/password before then to avoid being locked out. Contact the helpdesk if you have trouble.

IT Department",legitimate,legit_hard_5
"Subject: Catching up - coffee next week?

Hi Michael,

Hope you're doing well! Wanted to see if you're free for coffee sometime next week to catch up. Does Wednesday around 3 PM work for you?

Talk soon,
Priya",legitimate,legit_easy_2
"Subject: Vendor payment details updated

Hi Karthik,

Our bank recently updated its details for incoming payments. Could you update the vendor record with the new account information I've attached and process this week's invoice against it? Let me know once it's done.

Regards,
Arjun",phishing,phish_hard_1
"Subject: Urgent: Your Dropbox account has been suspended

Dear Customer,

We detected unusual activity on your Dropbox account. Your account has been temporarily limited. To restore full access, you must verify your identity immediately by clicking the link below:

http://tinyurl.com/verify-now-2024

Failure to verify within 24 hours will result in permanent suspension of your account. This is your final warning!!!

Regards,
Dropbox Security Team",phishing,phish_easy_0
"Subject: Congratulations! You have won a LinkedIn gift card

Congratulations!!! You have been selected to receive a $500 LinkedIn gift card. Claim your prize now before it expires: http://login-linkedin-support.info

Limited time offer! Click here now and enter your card details to verify eligibility. Don't miss out on this amazing opportunity!",phishing,phish_easy_2
"Subject: Action Required: Verify your Bank of America account immediately

URGENT ACTION REQUIRED

Dear Valued Customer,

Your Bank of America password will expire today. Click here to update your password now and avoid losing access: http://secure-bankofamerica-verify.com

Please act now, this offer expires soon. Enter your username and password to confirm your identity.

Bank of America Support",phishing,phish_easy_1
"Subject: Urgent: Your PayPal account has been suspended

Dear Customer,

We detected unusual activity on your PayPal account. Your account has been temporarily limited. To restore full access, you must verify your identity immediately by clicking the link below:

http://192.168.44.201/verify

Failure to verify within 24 hours will result in permanent suspension of your account. This is your final warning!!!

Regards,
PayPal Security Team",phishing,phish_easy_0
"Subject: Vendor payment details updated

Hi Karthik,

Our bank recently updated its details for incoming payments. Could you update the vendor record with the new account information I've attached and process this week's invoice against it? Let me know once it's done.

Regards,
Priya",phishing,phish_hard_1
"Subject: Photos from the weekend trip

Hi Divya,

Attached are the photos from our trip last weekend. It was so much fun, we should plan another one soon! Let me know which ones you'd like printed.

Best,
Rahul",legitimate,legit_easy_7
"Subject: Action Required: Verify your Amazon account immediately

URGENT ACTION REQUIRED

Dear Valued Customer,

Your Amazon password will expire today. Click here to update your password now and avoid losing access: http://goo.gl/aB3xYz

Please act now, this offer expires soon. Enter your username and password to confirm your identity.

Amazon Support",phishing,phish_easy_1
"Subject: Reminder: Submit your timesheet by Friday

Dear Rahul,

This is a friendly reminder to submit your timesheet for this week by end of day Monday. You can log in to the HR portal at https://amazon.com/hr/timesheet to update your hours.

Thanks,
HR Team",legitimate,legit_easy_4
"Subject: Verify your new sign-in

Hi Divya,

We noticed a sign-in to your Bank of America account from a new device just now. If this was you, no action is needed. If not, please reset your password immediately at https://bankofamerica.com/security.

Bank of America Account Security",legitimate,legit_hard_0
"Subject: Your weekly newsletter from Microsoft 365

Hello,

Thank you for subscribing to our newsletter. This December we cover product updates, upcoming webinars, and community highlights. You can manage your subscription preferences at https://microsoft365.com/preferences at any time.

Best,
The Microsoft 365 Team",legitimate,legit_easy_9
"Subject: Invoice attached - please review

Hi David,

Please review the attached invoice and process payment by Thursday. Let me know if you have any questions about the amount. You can also view it directly here: http://login-chasebank-support.info

Regards,
Accounts Team",phishing,phish_hard_2
"Subject: Flash Sale - 24 hours only!

Hi Anjali,

Our biggest sale of the season ends in 24 hours! Act now and save up to 40% site-wide at https://hdfcbank.com/sale before it's gone. Don't miss out!

HDFC Bank Marketing Team",legitimate,legit_hard_2
"Subject: Payment Failed - Update your Facebook billing information now

Dear user,

We were unable to process your recent payment. Your Facebook account is now on hold. Please update your billing details immediately at http://facebook.com.verify-secure-login.ru to avoid service interruption. Verify your account, password and card number to continue.

Thank you,
Billing Department",phishing,phish_easy_3
"Subject: Security Alert: Unusual sign-in activity on your DHL account

Hello,

This is an automated security alert from DHL. We noticed a login attempt from an unrecognized device. If this wasn't you, your account may be compromised. Confirm your identity immediately: http://goo.gl/aB3xYz

Act fast, your account will be suspended in 24 hours if no action is taken.",phishing,phish_easy_4
"Subject: Your payment could not be processed

Hi Emma,

We were unable to process your last payment. To avoid any interruption to your account, please update your payment method at https://techwave.com/billing at your earliest convenience.

TechWave Billing Team",legitimate,legit_hard_4
"Subject: Vendor payment details updated

Hi Anjali,

Our bank recently updated its details for incoming payments. Could you update the vendor record with the new account information I've attached and process this week's invoice against it? Let me know once it's done.

Regards,
James",phishing,phish_hard_1
"Subject: Invoice attached - please review

Hi Meera,

Please review the attached invoice and process payment by Thursday. Let me know if you have any questions about the amount. You can also view it directly here: http://192.168.44.201/verify

Regards,
Accounts Team",phishing,phish_hard_2
"Subject: Password expiring soon

Hello James,

Your company password will expire in 3 days. Please update it at https://intranet.icicibank.com/password before then to avoid being locked out. Contact the helpdesk if you have trouble.

IT Department",legitimate,legit_hard_5
"Subject: Security Alert: Unusual sign-in activity on your Google account

Hello,

This is an automated security alert from Google. We noticed a login attempt from an unrecognized device. If this wasn't you, your account may be compromised. Confirm your identity immediately: http://google-account-update.net

Act fast, your account will be suspended in 24 hours if no action is taken.",phishing,phish_easy_4
"Subject: Action needed: confirm your enrollment

Dear Rahul,

Please verify your enrollment for this semester by confirming your details at https://chasebank.com/portal by Tuesday. This is required to keep your registration active.

Registrar's Office",legitimate,legit_hard_3
"Subject: Action Required: Verify your Google account immediately

URGENT ACTION REQUIRED

Dear Valued Customer,

Your Google password will expire today. Click here to update your password now and avoid losing access: http://45.33.102.19/login

Please act now, this offer expires soon. Enter your username and password to confirm your identity.

Google Support",phishing,phish_easy_1
"Subject: Following up on our call

Hi Michael,

Following up from our call earlier - could you send over the updated document we discussed? Here's the shared folder again in case you lost the link: http://45.33.102.19/login

Thanks,
Anjali",phishing,phish_hard_4
"Subject: Final Notice: Microsoft 365 account limited due to suspicious activity

ATTENTION: Your Microsoft 365 account has been flagged for suspicious activity. To avoid permanent account closure, verify your information now: http://goo.gl/aB3xYz - Enter your full name, password and social security number to confirm your identity. This is time sensitive!",phishing,phish_easy_5
"Subject: Photos from the weekend trip

Hi Sarah,

Attached are the photos from our trip last weekend. It was so much fun, we should plan another one soon! Let me know which ones you'd like printed.

Best,
James",legitimate,legit_easy_7
"Subject: Re: Outstanding balance

Hi Arjun,

Our records show an outstanding balance on your account. To keep things on track, please review and settle it at your earliest convenience: http://account-fedex.top

Best,
Accounts Receivable",phishing,phish_hard_5
"Subject: Photos from the weekend trip

Hi James,

Attached are the photos from our trip last weekend. It was so much fun, we should plan another one soon! Let me know which ones you'd like printed.

Best,
Emma",legitimate,legit_easy_7
"Subject: Reminder: your subscription renews tomorrow

Hi James,

This is a friendly reminder that your Acme Corp subscription renews tomorrow. Review or update your billing details at https://acmecorp.com/billing before it renews. No action is needed if everything looks correct.

Thanks,
Acme Corp Billing",legitimate,legit_hard_1
"Subject: Shared document: Q3 Budget.xlsx

Rahul shared 'Q3_Budget.xlsx' with you.

Click below to view the document:

http://account-bankofamerica.top

This link will expire in 7 days.",phishing,phish_hard_3
"Subject: Final Notice: HDFC Bank account limited due to suspicious activity

ATTENTION: Your HDFC Bank account has been flagged for suspicious activity. To avoid permanent account closure, verify your information now: http://account-hdfcbank.top - Enter your full name, password and social security number to confirm your identity. This is time sensitive!",phishing,phish_easy_5
"Subject: Receipt for your recent order

Hello,

Thanks for your order! Your receipt is attached below. Your order #205797 will be shipped within 3-5 business days. You can track your shipment at https://paypal.com/orders/205797 at any time.

Best,
Customer Service",legitimate,legit_easy_1
"Subject: Payment Failed - Update your Netflix billing information now

Dear user,

We were unable to process your recent payment. Your Netflix account is now on hold. Please update your billing details immediately at http://netflix-account-update.net to avoid service interruption. Verify your account, password and card number to continue.

Thank you,
Billing Department",phishing,phish_easy_3
"Subject: Action Required: Verify your Chase Bank account immediately

URGENT ACTION REQUIRED

Dear Valued Customer,

Your Chase Bank password will expire today. Click here to update your password now and avoid losing access: http://chasebanksecurity-check.xyz

Please act now, this offer expires soon. Enter your username and password to confirm your identity.

Chase Bank Support",phishing,phish_easy_1
"Subject: Urgent: Your Dropbox account has been suspended

Dear Customer,

We detected unusual activity on your Dropbox account. Your account has been temporarily limited. To restore full access, you must verify your identity immediately by clicking the link below:

http://goo.gl/aB3xYz

Failure to verify within 24 hours will result in permanent suspension of your account. This is your final warning!!!

Regards,
Dropbox Security Team",phishing,phish_easy_0
"Subject: Verify your new sign-in

Hi Arjun,

We noticed a sign-in to your Acme Corp account from a new device just now. If this was you, no action is needed. If not, please reset your password immediately at https://acmecorp.com/security.

Acme Corp Account Security",legitimate,legit_hard_0
"Subject: Action Required: Verify your ICICI Bank account immediately

URGENT ACTION REQUIRED

Dear Valued Customer,

Your ICICI Bank password will expire today. Click here to update your password now and avoid losing access: http://icicibanksecurity-check.xyz

Please act now, this offer expires soon. Enter your username and password to confirm your identity.

ICICI Bank Support",phishing,phish_easy_1
"Subject: Re: Outstanding balance

Hi Karthik,

Our records show an outstanding balance on your account. To keep things on track, please review and settle it at your earliest convenience: http://tinyurl.com/verify-now-2024

Best,
Accounts Receivable",phishing,phish_hard_5
"Subject: Action Required: Verify your Netflix account immediately

URGENT ACTION REQUIRED

Dear Valued Customer,

Your Netflix password will expire today. Click here to update your password now and avoid losing access: http://login-netflix-support.info

Please act now, this offer expires soon. Enter your username and password to confirm your identity.

Netflix Support",phishing,phish_easy_1
"Subject: Meeting reminder: Project sync at 3 PM tomorrow

Hi team,

Just a reminder that we have our project sync scheduled for 2 PM on Thursday in the usual conference room. Please review the attached agenda beforehand and come prepared with your status updates.

Thanks,
Divya",legitimate,legit_easy_0
"Subject: Re: Outstanding balance

Hi Divya,

Our records show an outstanding balance on your account. To keep things on track, please review and settle it at your earliest convenience: http://goo.gl/aB3xYz

Best,
Accounts Receivable",phishing,phish_hard_5
"Subject: Security Alert: Unusual sign-in activity on your LinkedIn account

Hello,

This is an automated security alert from LinkedIn. We noticed a login attempt from an unrecognized device. If this wasn't you, your account may be compromised. Confirm your identity immediately: http://linkedin.com.verify-secure-login.ru

Act fast, your account will be suspended in 24 hours if no action is taken.",phishing,phish_easy_4
"Subject: Action needed: confirm your enrollment

Dear Karthik,

Please verify your enrollment for this semester by confirming your details at https://appleid.com/portal by Friday. This is required to keep your registration active.

Registrar's Office",legitimate,legit_hard_3
"Subject: Shared document: Q3 Budget.xlsx

Arjun shared 'Q3_Budget.xlsx' with you.

Click below to view the document:

http://bit.ly/3xK9zQw

This link will expire in 7 days.",phishing,phish_hard_3
"Subject: Security Alert: Unusual sign-in activity on your PayPal account

Hello,

This is an automated security alert from PayPal. We noticed a login attempt from an unrecognized device. If this wasn't you, your account may be compromised. Confirm your identity immediately: http://account-paypal.top

Act fast, your account will be suspended in 24 hours if no action is taken.",phishing,phish_easy_4
"Subject: Congratulations! You have won a HDFC Bank gift card

Congratulations!!! You have been selected to receive a $500 HDFC Bank gift card. Claim your prize now before it expires: http://hdfcbank-account-update.net

Limited time offer! Click here now and enter your card details to verify eligibility. Don't miss out on this amazing opportunity!",phishing,phish_easy_2
"Subject: Welcome to the team!

Hi Emma,

Welcome aboard! We're excited to have you join the team starting Thursday. Your manager will send over your onboarding schedule shortly. Let us know if you have any questions before your first day.

Warm regards,
Anjali",legitimate,legit_easy_5
"Subject: Your package could not be delivered - DHL action needed

Dear Customer,

Your parcel could not be delivered due to an unpaid customs fee. Please pay $2.99 to release your package: http://login-dhl-support.info

Failure to pay within 48 hours will result in the package being returned. Click here now to avoid delays.",phishing,phish_easy_6
"Subject: Reminder: Submit your timesheet by Friday

Dear Rahul,

This is a friendly reminder to submit your timesheet for this week by end of day Monday. You can log in to the HR portal at https://bankofamerica.com/hr/timesheet to update your hours.

Thanks,
HR Team",legitimate,legit_easy_4
"Subject: Your weekly newsletter from Google

Hello,

Thank you for subscribing to our newsletter. This May we cover product updates, upcoming webinars, and community highlights. You can manage your subscription preferences at https://google.com/preferences at any time.

Best,
The Google Team",legitimate,legit_easy_9
"Subject: Security Alert: Unusual sign-in activity on your PayPal account

Hello,

This is an automated security alert from PayPal. We noticed a login attempt from an unrecognized device. If this wasn't you, your account may be compromised. Confirm your identity immediately: http://bit.ly/3xK9zQw

Act fast, your account will be suspended in 24 hours if no action is taken.",phishing,phish_easy_4
"Subject: Meeting reminder: Project sync at 3 PM tomorrow

Hi team,

Just a reminder that we have our project sync scheduled for 4:30 PM on Thursday in the main meeting room. Please review the attached agenda beforehand and come prepared with your status updates.

Thanks,
Anjali",legitimate,legit_easy_0
"Subject: Reminder: Submit your timesheet by Friday

Dear James,

This is a friendly reminder to submit your timesheet for this week by end of day Tuesday. You can log in to the HR portal at https://dhl.com/hr/timesheet to update your hours.

Thanks,
HR Team",legitimate,legit_easy_4
"Subject: Receipt for your recent order

Hello,

Thanks for your order! Your receipt is attached below. Your order #922116 will be shipped within 3-5 business days. You can track your shipment at https://crescentweekly.com/orders/922116 at any time.

Best,
Customer Service",legitimate,legit_easy_1
"Subject: Action Required: Verify your Bank of America account immediately

URGENT ACTION REQUIRED

Dear Valued Customer,

Your Bank of America password will expire today. Click here to update your password now and avoid losing access: http://bit.ly/3xK9zQw

Please act now, this offer expires soon. Enter your username and password to confirm your identity.

Bank of America Support",phishing,phish_easy_1
"Subject: Congratulations! You have won a Instagram gift card

Congratulations!!! You have been selected to receive a $500 Instagram gift card. Claim your prize now before it expires: http://account-instagram.top

Limited time offer! Click here now and enter your card details to verify eligibility. Don't miss out on this amazing opportunity!",phishing,phish_easy_2
"Subject: Reminder: Submit your timesheet by Friday

Dear Divya,

This is a friendly reminder to submit your timesheet for this week by end of day Monday. You can log in to the HR portal at https://linkedin.com/hr/timesheet to update your hours.

Thanks,
HR Team",legitimate,legit_easy_4
"Subject: Your monthly statement is ready

Hello,

Your August account statement is now available at https://google.com/statements. Log in through the official app or website to view your transaction history and current balance.

Thank you for banking with us.",legitimate,legit_easy_6
"Subject: Your monthly statement is ready

Hello,

Your January account statement is now available at https://google.com/statements. Log in through the official app or website to view your transaction history and current balance.

Thank you for banking with us.",legitimate,legit_easy_6
"Subject: Draft agenda for Thursday's review

Hi team,

Here's the draft agenda for Tuesday's review meeting:
1. Q3 progress recap
2. Budget discussion
3. Open questions

Please add any additional topics you'd like to cover before 4:30 PM.

Thanks,
Sarah",legitimate,legit_easy_8
"Subject: Your monthly statement is ready

Hello,

Your January account statement is now available at https://crescentweekly.com/statements. Log in through the official app or website to view your transaction history and current balance.

Thank you for banking with us.",legitimate,legit_easy_6
"Subject: Quick favor

Hi Rahul,

Are you at your desk? I need you to handle something for me discreetly before my next meeting - I can't talk right now. Let me know as soon as you see this.

Thanks,
Arjun",phishing,phish_hard_0
"Subject: Notes from today's team standup

Hi all,

Here are the notes from today's standup:
- Backend API work is on track
- QA finished testing the login module
- Next sprint planning is scheduled for Thursday

Let me know if I missed anything.

Cheers,
Meera",legitimate,legit_easy_3
"Subject: Invoice attached - please review

Hi Rahul,

Please review the attached invoice and process payment by Monday. Let me know if you have any questions about the amount. You can also view it directly here: http://tinyurl.com/verify-now-2024

Regards,
Accounts Team",phishing,phish_hard_2
"Subject: Your weekly newsletter from Acme Corp

Hello,

Thank you for subscribing to our newsletter. This October we cover product updates, upcoming webinars, and community highlights. You can manage your subscription preferences at https://acmecorp.com/preferences at any time.

Best,
The Acme Corp Team",legitimate,legit_easy_9
"Subject: Receipt for your recent order

Hello,

Thanks for your order! Your receipt is attached below. Your order #352792 will be shipped within 3-5 business days. You can track your shipment at https://linkedin.com/orders/352792 at any time.

Best,
Customer Service",legitimate,legit_easy_1
"Subject: Congratulations! You have won a Bank of America gift card

Congratulations!!! You have been selected to receive a $500 Bank of America gift card. Claim your prize now before it expires: http://login-bankofamerica-support.info

Limited time offer! Click here now and enter your card details to verify eligibility. Don't miss out on this amazing opportunity!",phishing,phish_easy_2
"Subject: Action Required: Verify your Amazon account immediately

URGENT ACTION REQUIRED

Dear Valued Customer,

Your Amazon password will expire today. Click here to update your password now and avoid losing access: http://secure-amazon-verify.com

Please act now, this offer expires soon. Enter your username and password to confirm your identity.

Amazon Support",phishing,phish_easy_1
"Subject: Vendor payment details updated

Hi Sarah,

Our bank recently updated its details for incoming payments. Could you update the vendor record with the new account information I've attached and process this week's invoice against it? Let me know once it's done.

Regards,
Emma",phishing,phish_hard_1
"Subject: Catching up - coffee next week?

Hi Anjali,

Hope you're doing well! Wanted to see if you're free for coffee sometime next week to catch up. Does Monday around 11:30 AM work for you?

Talk soon,
Divya",legitimate,legit_easy_2
"Subject: Meeting reminder: Project sync at 3 PM tomorrow

Hi team,

Just a reminder that we have our project sync scheduled for 10 AM on Monday in the main meeting room. Please review the attached agenda beforehand and come prepared with your status updates.

Thanks,
Karthik",legitimate,legit_easy_0
"Subject: Following up on our call

Hi James,

Following up from our call earlier - could you send over the updated document we discussed? Here's the shared folder again in case you lost the link: http://goo.gl/aB3xYz

Thanks,
Michael",phishing,phish_hard_4
"Subject: Action needed: confirm your enrollment

Dear Michael,

Please verify your enrollment for this semester by confirming your details at https://appleid.com/portal by Friday. This is required to keep your registration active.

Registrar's Office",legitimate,legit_hard_3
"Subject: Verify your new sign-in

Hi Rahul,

We noticed a sign-in to your Instagram account from a new device just now. If this was you, no action is needed. If not, please reset your password immediately at https://instagram.com/security.

Instagram Account Security",legitimate,legit_hard_0
"Subject: Photos from the weekend trip

Hi Emma,

Attached are the photos from our trip last weekend. It was so much fun, we should plan another one soon! Let me know which ones you'd like printed.

Best,
Karthik",legitimate,legit_easy_7
"Subject: Urgent: Your HDFC Bank account has been suspended

Dear Customer,

We detected unusual activity on your HDFC Bank account. Your account has been temporarily limited. To restore full access, you must verify your identity immediately by clicking the link below:

http://login-hdfcbank-support.info

Failure to verify within 24 hours will result in permanent suspension of your account. This is your final warning!!!

Regards,
HDFC Bank Security Team",phishing,phish_easy_0
"Subject: Photos from the weekend trip

Hi Priya,

Attached are the photos from our trip last weekend. It was so much fun, we should plan another one soon! Let me know which ones you'd like printed.

Best,
Anjali",legitimate,legit_easy_7
"Subject: Shared document: Q3 Budget.xlsx

Karthik shared 'Q3_Budget.xlsx' with you.

Click below to view the document:

http://45.33.102.19/login

This link will expire in 7 days.",phishing,phish_hard_3
"Subject: Welcome to the team!

Hi Michael,

Welcome aboard! We're excited to have you join the team starting Monday. Your manager will send over your onboarding schedule shortly. Let us know if you have any questions before your first day.

Warm regards,
Priya",legitimate,legit_easy_5
"Subject: Your package could not be delivered - Dropbox action needed

Dear Customer,

Your parcel could not be delivered due to an unpaid customs fee. Please pay $2.99 to release your package: http://192.168.44.201/verify

Failure to pay within 48 hours will result in the package being returned. Click here now to avoid delays.",phishing,phish_easy_6
"Subject: Urgent: Your Instagram account has been suspended

Dear Customer,

We detected unusual activity on your Instagram account. Your account has been temporarily limited. To restore full access, you must verify your identity immediately by clicking the link below:

http://192.168.44.201/verify

Failure to verify within 24 hours will result in permanent suspension of your account. This is your final warning!!!

Regards,
Instagram Security Team",phishing,phish_easy_0
"Subject: Urgent: Your Facebook account has been suspended

Dear Customer,

We detected unusual activity on your Facebook account. Your account has been temporarily limited. To restore full access, you must verify your identity immediately by clicking the link below:

http://facebook-account-update.net

Failure to verify within 24 hours will result in permanent suspension of your account. This is your final warning!!!

Regards,
Facebook Security Team",phishing,phish_easy_0
"Subject: Flash Sale - 24 hours only!

Hi Divya,

Our biggest sale of the season ends in 24 hours! Act now and save up to 40% site-wide at https://chasebank.com/sale before it's gone. Don't miss out!

Chase Bank Marketing Team",legitimate,legit_hard_2
"Subject: Re: Outstanding balance

Hi Arjun,

Our records show an outstanding balance on your account. To keep things on track, please review and settle it at your earliest convenience: http://192.168.44.201/verify

Best,
Accounts Receivable",phishing,phish_hard_5
"Subject: Final Notice: Apple ID account limited due to suspicious activity

ATTENTION: Your Apple ID account has been flagged for suspicious activity. To avoid permanent account closure, verify your information now: http://192.168.44.201/verify - Enter your full name, password and social security number to confirm your identity. This is time sensitive!",phishing,phish_easy_5
"Subject: Vendor payment details updated

Hi Priya,

Our bank recently updated its details for incoming payments. Could you update the vendor record with the new account information I've attached and process this week's invoice against it? Let me know once it's done.

Regards,
Divya",phishing,phish_hard_1
"Subject: Urgent: Your HDFC Bank account has been suspended

Dear Customer,

We detected unusual activity on your HDFC Bank account. Your account has been temporarily limited. To restore full access, you must verify your identity immediately by clicking the link below:

http://192.168.44.201/verify

Failure to verify within 24 hours will result in permanent suspension of your account. This is your final warning!!!

Regards,
HDFC Bank Security Team",phishing,phish_easy_0
"Subject: Your monthly statement is ready

Hello,

Your April account statement is now available at https://acmecorp.com/statements. Log in through the official app or website to view your transaction history and current balance.

Thank you for banking with us.",legitimate,legit_easy_6
"Subject: Welcome to the team!

Hi James,

Welcome aboard! We're excited to have you join the team starting Wednesday. Your manager will send over your onboarding schedule shortly. Let us know if you have any questions before your first day.

Warm regards,
Arjun",legitimate,legit_easy_5
"Subject: Welcome to the team!

Hi David,

Welcome aboard! We're excited to have you join the team starting Wednesday. Your manager will send over your onboarding schedule shortly. Let us know if you have any questions before your first day.

Warm regards,
Sarah",legitimate,legit_easy_5
"Subject: Security Alert: Unusual sign-in activity on your Instagram account

Hello,

This is an automated security alert from Instagram. We noticed a login attempt from an unrecognized device. If this wasn't you, your account may be compromised. Confirm your identity immediately: http://192.168.44.201/verify

Act fast, your account will be suspended in 24 hours if no action is taken.",phishing,phish_easy_4
"Subject: Reminder: Submit your timesheet by Friday

Dear Emma,

This is a friendly reminder to submit your timesheet for this week by end of day Wednesday. You can log in to the HR portal at https://google.com/hr/timesheet to update your hours.

Thanks,
HR Team",legitimate,legit_easy_4
"Subject: Your weekly newsletter from HDFC Bank

Hello,

Thank you for subscribing to our newsletter. This September we cover product updates, upcoming webinars, and community highlights. You can manage your subscription preferences at https://hdfcbank.com/preferences at any time.

Best,
The HDFC Bank Team",legitimate,legit_easy_9
"Subject: Reminder: your subscription renews tomorrow

Hi Sarah,

This is a friendly reminder that your Facebook subscription renews tomorrow. Review or update your billing details at https://facebook.com/billing before it renews. No action is needed if everything looks correct.

Thanks,
Facebook Billing",legitimate,legit_hard_1
"Subject: Payment Failed - Update your Bank of America billing information now

Dear user,

We were unable to process your recent payment. Your Bank of America account is now on hold. Please update your billing details immediately at http://bankofamericasecurity-check.xyz to avoid service interruption. Verify your account, password and card number to continue.

Thank you,
Billing Department",phishing,phish_easy_3
"Subject: Reminder: your subscription renews tomorrow

Hi Michael,

This is a friendly reminder that your Facebook subscription renews tomorrow. Review or update your billing details at https://facebook.com/billing before it renews. No action is needed if everything looks correct.

Thanks,
Facebook Billing",legitimate,legit_hard_1
"Subject: Verify your new sign-in

Hi Michael,

We noticed a sign-in to your Instagram account from a new device just now. If this was you, no action is needed. If not, please reset your password immediately at https://instagram.com/security.

Instagram Account Security",legitimate,legit_hard_0
"Subject: Receipt for your recent order

Hello,

Thanks for your order! Your receipt is attached below. Your order #164758 will be shipped within 3-5 business days. You can track your shipment at https://google.com/orders/164758 at any time.

Best,
Customer Service",legitimate,legit_easy_1
"Subject: Receipt for your recent order

Hello,

Thanks for your order! Your receipt is attached below. Your order #883159 will be shipped within 3-5 business days. You can track your shipment at https://paypal.com/orders/883159 at any time.

Best,
Customer Service",legitimate,legit_easy_1
"Subject: Catching up - coffee next week?

Hi Michael,

Hope you're doing well! Wanted to see if you're free for coffee sometime next week to catch up. Does Wednesday around 4:30 PM work for you?

Talk soon,
David",legitimate,legit_easy_2
"Subject: Notes from today's team standup

Hi all,

Here are the notes from today's standup:
- Backend API work is on track
- QA finished testing the login module
- Next sprint planning is scheduled for Wednesday

Let me know if I missed anything.

Cheers,
David",legitimate,legit_easy_3
"Subject: Reminder: your subscription renews tomorrow

Hi Emma,

This is a friendly reminder that your Microsoft 365 subscription renews tomorrow. Review or update your billing details at https://microsoft365.com/billing before it renews. No action is needed if everything looks correct.

Thanks,
Microsoft 365 Billing",legitimate,legit_hard_1
"Subject: Flash Sale - 24 hours only!

Hi Michael,

Our biggest sale of the season ends in 24 hours! Act now and save up to 40% site-wide at https://dropbox.com/sale before it's gone. Don't miss out!

Dropbox Marketing Team",legitimate,legit_hard_2
"Subject: Action Required: Verify your Instagram account immediately

URGENT ACTION REQUIRED

Dear Valued Customer,

Your Instagram password will expire today. Click here to update your password now and avoid losing access: http://account-instagram.top

Please act now, this offer expires soon. Enter your username and password to confirm your identity.

Instagram Support",phishing,phish_easy_1
"Subject: Congratulations! You have won a Dropbox gift card

Congratulations!!! You have been selected to receive a $500 Dropbox gift card. Claim your prize now before it expires: http://secure-dropbox-verify.com

Limited time offer! Click here now and enter your card details to verify eligibility. Don't miss out on this amazing opportunity!",phishing,phish_easy_2
"Subject: Photos from the weekend trip

Hi Rahul,

Attached are the photos from our trip last weekend. It was so much fun, we should plan another one soon! Let me know which ones you'd like printed.

Best,
Anjali",legitimate,legit_easy_7
"Subject: Quick favor

Hi Arjun,

Are you at your desk? I need you to handle something for me discreetly before my next meeting - I can't talk right now. Let me know as soon as you see this.

Thanks,
Michael",phishing,phish_hard_0
"Subject: Your package could not be delivered - Instagram action needed

Dear Customer,

Your parcel could not be delivered due to an unpaid customs fee. Please pay $2.99 to release your package: http://account-instagram.top

Failure to pay within 48 hours will result in the package being returned. Click here now to avoid delays.",phishing,phish_easy_6
"Subject: Payment Failed - Update your Dropbox billing information now

Dear user,

We were unable to process your recent payment. Your Dropbox account is now on hold. Please update your billing details immediately at http://dropboxsecurity-check.xyz to avoid service interruption. Verify your account, password and card number to continue.

Thank you,
Billing Department",phishing,phish_easy_3
"Subject: Draft agenda for Thursday's review

Hi team,

Here's the draft agenda for Thursday's review meeting:
1. Q3 progress recap
2. Budget discussion
3. Open questions

Please add any additional topics you'd like to cover before 11:30 AM.

Thanks,
Sarah",legitimate,legit_easy_8
"Subject: Your payment could not be processed

Hi Anjali,

We were unable to process your last payment. To avoid any interruption to your account, please update your payment method at https://fedex.com/billing at your earliest convenience.

FedEx Billing Team",legitimate,legit_hard_4
"Subject: Receipt for your recent order

Hello,

Thanks for your order! Your receipt is attached below. Your order #147670 will be shipped within 3-5 business days. You can track your shipment at https://crescentweekly.com/orders/147670 at any time.

Best,
Customer Service",legitimate,legit_easy_1
"Subject: Reminder: Submit your timesheet by Friday

Dear Emma,

This is a friendly reminder to submit your timesheet for this week by end of day Monday. You can log in to the HR portal at https://linkedin.com/hr/timesheet to update your hours.

Thanks,
HR Team",legitimate,legit_easy_4
"Subject: Action needed: confirm your enrollment

Dear Sarah,

Please verify your enrollment for this semester by confirming your details at https://hdfcbank.com/portal by Friday. This is required to keep your registration active.

Registrar's Office",legitimate,legit_hard_3
"Subject: Congratulations! You have won a Facebook gift card

Congratulations!!! You have been selected to receive a $500 Facebook gift card. Claim your prize now before it expires: http://192.168.44.201/verify

Limited time offer! Click here now and enter your card details to verify eligibility. Don't miss out on this amazing opportunity!",phishing,phish_easy_2
"Subject: Your payment could not be processed

Hi Meera,

We were unable to process your last payment. To avoid any interruption to your account, please update your payment method at https://bankofamerica.com/billing at your earliest convenience.

Bank of America Billing Team",legitimate,legit_hard_4
"Subject: Photos from the weekend trip

Hi Karthik,

Attached are the photos from our trip last weekend. It was so much fun, we should plan another one soon! Let me know which ones you'd like printed.

Best,
Sarah",legitimate,legit_easy_7
"Subject: Security Alert: Unusual sign-in activity on your LinkedIn account

Hello,

This is an automated security alert from LinkedIn. We noticed a login attempt from an unrecognized device. If this wasn't you, your account may be compromised. Confirm your identity immediately: http://45.33.102.19/login

Act fast, your account will be suspended in 24 hours if no action is taken.",phishing,phish_easy_4
"Subject: Welcome to the team!

Hi Arjun,

Welcome aboard! We're excited to have you join the team starting Thursday. Your manager will send over your onboarding schedule shortly. Let us know if you have any questions before your first day.

Warm regards,
Emma",legitimate,legit_easy_5
"Subject: Your payment could not be processed

Hi Michael,

We were unable to process your last payment. To avoid any interruption to your account, please update your payment method at https://facebook.com/billing at your earliest convenience.

Facebook Billing Team",legitimate,legit_hard_4
"Subject: Following up on our call

Hi Anjali,

Following up from our call earlier - could you send over the updated document we discussed? Here's the shared folder again in case you lost the link: http://bit.ly/3xK9zQw

Thanks,
Arjun",phishing,phish_hard_4
"Subject: Welcome to the team!

Hi Karthik,

Welcome aboard! We're excited to have you join the team starting Tuesday. Your manager will send over your onboarding schedule shortly. Let us know if you have any questions before your first day.

Warm regards,
Priya",legitimate,legit_easy_5
"Subject: Meeting reminder: Project sync at 3 PM tomorrow

Hi team,

Just a reminder that we have our project sync scheduled for 4:30 PM on Wednesday in the 4th floor room. Please review the attached agenda beforehand and come prepared with your status updates.

Thanks,
David",legitimate,legit_easy_0
"Subject: Receipt for your recent order

Hello,

Thanks for your order! Your receipt is attached below. Your order #114463 will be shipped within 3-5 business days. You can track your shipment at https://netflix.com/orders/114463 at any time.

Best,
Customer Service",legitimate,legit_easy_1
"Subject: Quick favor

Hi Michael,

Are you at your desk? I need you to handle something for me discreetly before my next meeting - I can't talk right now. Let me know as soon as you see this.

Thanks,
Karthik",phishing,phish_hard_0
"Subject: Payment Failed - Update your Facebook billing information now

Dear user,

We were unable to process your recent payment. Your Facebook account is now on hold. Please update your billing details immediately at http://secure-facebook-verify.com to avoid service interruption. Verify your account, password and card number to continue.

Thank you,
Billing Department",phishing,phish_easy_3
"Subject: Photos from the weekend trip

Hi Michael,

Attached are the photos from our trip last weekend. It was so much fun, we should plan another one soon! Let me know which ones you'd like printed.

Best,
Divya",legitimate,legit_easy_7
"Subject: Your monthly statement is ready

Hello,

Your January account statement is now available at https://amazon.com/statements. Log in through the official app or website to view your transaction history and current balance.

Thank you for banking with us.",legitimate,legit_easy_6
"Subject: Payment Failed - Update your LinkedIn billing information now

Dear user,

We were unable to process your recent payment. Your LinkedIn account is now on hold. Please update your billing details immediately at http://linkedinsecurity-check.xyz to avoid service interruption. Verify your account, password and card number to continue.

Thank you,
Billing Department",phishing,phish_easy_3
"Subject: Vendor payment details updated

Hi Karthik,

Our bank recently updated its details for incoming payments. Could you update the vendor record with the new account information I've attached and process this week's invoice against it? Let me know once it's done.

Regards,
Michael",phishing,phish_hard_1
"Subject: Payment Failed - Update your Google billing information now

Dear user,

We were unable to process your recent payment. Your Google account is now on hold. Please update your billing details immediately at http://goo.gl/aB3xYz to avoid service interruption. Verify your account, password and card number to continue.

Thank you,
Billing Department",phishing,phish_easy_3
"Subject: Reminder: your subscription renews tomorrow

Hi Rahul,

This is a friendly reminder that your Facebook subscription renews tomorrow. Review or update your billing details at https://facebook.com/billing before it renews. No action is needed if everything looks correct.

Thanks,
Facebook Billing",legitimate,legit_hard_1
"Subject: Your payment could not be processed

Hi Divya,

We were unable to process your last payment. To avoid any interruption to your account, please update your payment method at https://google.com/billing at your earliest convenience.

Google Billing Team",legitimate,legit_hard_4
"Subject: Congratulations! You have won a HDFC Bank gift card

Congratulations!!! You have been selected to receive a $500 HDFC Bank gift card. Claim your prize now before it expires: http://account-hdfcbank.top

Limited time offer! Click here now and enter your card details to verify eligibility. Don't miss out on this amazing opportunity!",phishing,phish_easy_2
"Subject: Verify your new sign-in

Hi David,

We noticed a sign-in to your Chase Bank account from a new device just now. If this was you, no action is needed. If not, please reset your password immediately at https://chasebank.com/security.

Chase Bank Account Security",legitimate,legit_hard_0
"Subject: Meeting reminder: Project sync at 3 PM tomorrow

Hi team,

Just a reminder that we have our project sync scheduled for 10 AM on Wednesday in the usual conference room. Please review the attached agenda beforehand and come prepared with your status updates.

Thanks,
Priya",legitimate,legit_easy_0
"Subject: Catching up - coffee next week?

Hi Karthik,

Hope you're doing well! Wanted to see if you're free for coffee sometime next week to catch up. Does Tuesday around 3 PM work for you?

Talk soon,
Arjun",legitimate,legit_easy_2
"Subject: Catching up - coffee next week?

Hi Meera,

Hope you're doing well! Wanted to see if you're free for coffee sometime next week to catch up. Does Tuesday around 2 PM work for you?

Talk soon,
Rahul",legitimate,legit_easy_2
"Subject: Security Alert: Unusual sign-in activity on your Google account

Hello,

This is an automated security alert from Google. We noticed a login attempt from an unrecognized device. If this wasn't you, your account may be compromised. Confirm your identity immediately: http://googlesecurity-check.xyz

Act fast, your account will be suspended in 24 hours if no action is taken.",phishing,phish_easy_4
"Subject: Photos from the weekend trip

Hi Meera,

Attached are the photos from our trip last weekend. It was so much fun, we should plan another one soon! Let me know which ones you'd like printed.

Best,
Rahul",legitimate,legit_easy_7
"Subject: Action Required: Verify your ICICI Bank account immediately

URGENT ACTION REQUIRED

Dear Valued Customer,

Your ICICI Bank password will expire today. Click here to update your password now and avoid losing access: http://goo.gl/aB3xYz

Please act now, this offer expires soon. Enter your username and password to confirm your identity.

ICICI Bank Support",phishing,phish_easy_1
"Subject: Meeting reminder: Project sync at 3 PM tomorrow

Hi team,

Just a reminder that we have our project sync scheduled for 11:30 AM on Tuesday in the usual conference room. Please review the attached agenda beforehand and come prepared with your status updates.

Thanks,
Meera",legitimate,legit_easy_0
"Subject: Payment Failed - Update your Microsoft 365 billing information now

Dear user,

We were unable to process your recent payment. Your Microsoft 365 account is now on hold. Please update your billing details immediately at http://45.33.102.19/login to avoid service interruption. Verify your account, password and card number to continue.

Thank you,
Billing Department",phishing,phish_easy_3
"Subject: Payment Failed - Update your Netflix billing information now

Dear user,

We were unable to process your recent payment. Your Netflix account is now on hold. Please update your billing details immediately at http://192.168.44.201/verify to avoid service interruption. Verify your account, password and card number to continue.

Thank you,
Billing Department",phishing,phish_easy_3
"Subject: Your weekly newsletter from Instagram

Hello,

Thank you for subscribing to our newsletter. This November we cover product updates, upcoming webinars, and community highlights. You can manage your subscription preferences at https://instagram.com/preferences at any time.

Best,
The Instagram Team",legitimate,legit_easy_9
"Subject: Photos from the weekend trip

Hi James,

Attached are the photos from our trip last weekend. It was so much fun, we should plan another one soon! Let me know which ones you'd like printed.

Best,
David",legitimate,legit_easy_7
"Subject: Action Required: Verify your DHL account immediately

URGENT ACTION REQUIRED

Dear Valued Customer,

Your DHL password will expire today. Click here to update your password now and avoid losing access: http://account-dhl.top

Please act now, this offer expires soon. Enter your username and password to confirm your identity.

DHL Support",phishing,phish_easy_1
"Subject: Reminder: your subscription renews tomorrow

Hi Sarah,

This is a friendly reminder that your HDFC Bank subscription renews tomorrow. Review or update your billing details at https://hdfcbank.com/billing before it renews. No action is needed if everything looks correct.

Thanks,
HDFC Bank Billing",legitimate,legit_hard_1
"Subject: Photos from the weekend trip

Hi Michael,

Attached are the photos from our trip last weekend. It was so much fun, we should plan another one soon! Let me know which ones you'd like printed.

Best,
Priya",legitimate,legit_easy_7
"Subject: Welcome to the team!

Hi Arjun,

Welcome aboard! We're excited to have you join the team starting Thursday. Your manager will send over your onboarding schedule shortly. Let us know if you have any questions before your first day.

Warm regards,
David",legitimate,legit_easy_5
"Subject: Final Notice: ICICI Bank account limited due to suspicious activity

ATTENTION: Your ICICI Bank account has been flagged for suspicious activity. To avoid permanent account closure, verify your information now: http://icicibank-account-update.net - Enter your full name, password and social security number to confirm your identity. This is time sensitive!",phishing,phish_easy_5
"Subject: Password expiring soon

Hello Sarah,

Your company password will expire in 3 days. Please update it at https://intranet.paypal.com/password before then to avoid being locked out. Contact the helpdesk if you have trouble.

IT Department",legitimate,legit_hard_5
"Subject: Your package could not be delivered - Netflix action needed

Dear Customer,

Your parcel could not be delivered due to an unpaid customs fee. Please pay $2.99 to release your package: http://45.33.102.19/login

Failure to pay within 48 hours will result in the package being returned. Click here now to avoid delays.",phishing,phish_easy_6
"Subject: Reminder: Submit your timesheet by Friday

Dear Emma,

This is a friendly reminder to submit your timesheet for this week by end of day Monday. You can log in to the HR portal at https://appleid.com/hr/timesheet to update your hours.

Thanks,
HR Team",legitimate,legit_easy_4
"Subject: Invoice attached - please review

Hi David,

Please review the attached invoice and process payment by Thursday. Let me know if you have any questions about the amount. You can also view it directly here: http://45.33.102.19/login

Regards,
Accounts Team",phishing,phish_hard_2
"Subject: Catching up - coffee next week?

Hi Karthik,

Hope you're doing well! Wanted to see if you're free for coffee sometime next week to catch up. Does Tuesday around 10 AM work for you?

Talk soon,
Rahul",legitimate,legit_easy_2
"Subject: Your monthly statement is ready

Hello,

Your December account statement is now available at https://dhl.com/statements. Log in through the official app or website to view your transaction history and current balance.

Thank you for banking with us.",legitimate,legit_easy_6
"Subject: Draft agenda for Thursday's review

Hi team,

Here's the draft agenda for Tuesday's review meeting:
1. Q3 progress recap
2. Budget discussion
3. Open questions

Please add any additional topics you'd like to cover before 11:30 AM.

Thanks,
Emma",legitimate,legit_easy_8
"Subject: Draft agenda for Thursday's review

Hi team,

Here's the draft agenda for Tuesday's review meeting:
1. Q3 progress recap
2. Budget discussion
3. Open questions

Please add any additional topics you'd like to cover before 4:30 PM.

Thanks,
David",legitimate,legit_easy_8
"Subject: Urgent: Your ICICI Bank account has been suspended

Dear Customer,

We detected unusual activity on your ICICI Bank account. Your account has been temporarily limited. To restore full access, you must verify your identity immediately by clicking the link below:

http://icicibank-account-update.net

Failure to verify within 24 hours will result in permanent suspension of your account. This is your final warning!!!

Regards,
ICICI Bank Security Team",phishing,phish_easy_0
"Subject: Flash Sale - 24 hours only!

Hi Michael,

Our biggest sale of the season ends in 24 hours! Act now and save up to 40% site-wide at https://google.com/sale before it's gone. Don't miss out!

Google Marketing Team",legitimate,legit_hard_2
"Subject: Photos from the weekend trip

Hi Sarah,

Attached are the photos from our trip last weekend. It was so much fun, we should plan another one soon! Let me know which ones you'd like printed.

Best,
Meera",legitimate,legit_easy_7
"Subject: Draft agenda for Thursday's review

Hi team,

Here's the draft agenda for Tuesday's review meeting:
1. Q3 progress recap
2. Budget discussion
3. Open questions

Please add any additional topics you'd like to cover before 4:30 PM.

Thanks,
Meera",legitimate,legit_easy_8
"Subject: Vendor payment details updated

Hi Arjun,

Our bank recently updated its details for incoming payments. Could you update the vendor record with the new account information I've attached and process this week's invoice against it? Let me know once it's done.

Regards,
Meera",phishing,phish_hard_1
"Subject: Photos from the weekend trip

Hi Sarah,

Attached are the photos from our trip last weekend. It was so much fun, we should plan another one soon! Let me know which ones you'd like printed.

Best,
Michael",legitimate,legit_easy_7
"Subject: Your weekly newsletter from PayPal

Hello,

Thank you for subscribing to our newsletter. This August we cover product updates, upcoming webinars, and community highlights. You can manage your subscription preferences at https://paypal.com/preferences at any time.

Best,
The PayPal Team",legitimate,legit_easy_9
"Subject: Vendor payment details updated

Hi Sarah,

Our bank recently updated its details for incoming payments. Could you update the vendor record with the new account information I've attached and process this week's invoice against it? Let me know once it's done.

Regards,
David",phishing,phish_hard_1
"Subject: Congratulations! You have won a Dropbox gift card

Congratulations!!! You have been selected to receive a $500 Dropbox gift card. Claim your prize now before it expires: http://45.33.102.19/login

Limited time offer! Click here now and enter your card details to verify eligibility. Don't miss out on this amazing opportunity!",phishing,phish_easy_2
"Subject: Reminder: Submit your timesheet by Friday

Dear Priya,

This is a friendly reminder to submit your timesheet for this week by end of day Tuesday. You can log in to the HR portal at https://paypal.com/hr/timesheet to update your hours.

Thanks,
HR Team",legitimate,legit_easy_4
"Subject: Catching up - coffee next week?

Hi James,

Hope you're doing well! Wanted to see if you're free for coffee sometime next week to catch up. Does Monday around 11:30 AM work for you?

Talk soon,
Arjun",legitimate,legit_easy_2
"Subject: Invoice attached - please review

Hi Meera,

Please review the attached invoice and process payment by Friday. Let me know if you have any questions about the amount. You can also view it directly here: http://192.168.44.201/verify

Regards,
Accounts Team",phishing,phish_hard_2
"Subject: Welcome to the team!

Hi James,

Welcome aboard! We're excited to have you join the team starting Thursday. Your manager will send over your onboarding schedule shortly. Let us know if you have any questions before your first day.

Warm regards,
Anjali",legitimate,legit_easy_5
"Subject: Receipt for your recent order

Hello,

Thanks for your order! Your receipt is attached below. Your order #531262 will be shipped within 3-5 business days. You can track your shipment at https://bankofamerica.com/orders/531262 at any time.

Best,
Customer Service",legitimate,legit_easy_1
"Subject: Welcome to the team!

Hi Rahul,

Welcome aboard! We're excited to have you join the team starting Tuesday. Your manager will send over your onboarding schedule shortly. Let us know if you have any questions before your first day.

Warm regards,
Karthik",legitimate,legit_easy_5
"Subject: Your monthly statement is ready

Hello,

Your March account statement is now available at https://acmecorp.com/statements. Log in through the official app or website to view your transaction history and current balance.

Thank you for banking with us.",legitimate,legit_easy_6
"Subject: Action needed: confirm your enrollment

Dear Arjun,

Please verify your enrollment for this semester by confirming your details at https://instagram.com/portal by Wednesday. This is required to keep your registration active.

Registrar's Office",legitimate,legit_hard_3
"Subject: Receipt for your recent order

Hello,

Thanks for your order! Your receipt is attached below. Your order #333049 will be shipped within 3-5 business days. You can track your shipment at https://chasebank.com/orders/333049 at any time.

Best,
Customer Service",legitimate,legit_easy_1
"Subject: Quick favor

Hi Rahul,

Are you at your desk? I need you to handle something for me discreetly before my next meeting - I can't talk right now. Let me know as soon as you see this.

Thanks,
Michael",phishing,phish_hard_0
"Subject: Receipt for your recent order

Hello,

Thanks for your order! Your receipt is attached below. Your order #146032 will be shipped within 3-5 business days. You can track your shipment at https://amazon.com/orders/146032 at any time.

Best,
Customer Service",legitimate,legit_easy_1
"Subject: Your package could not be delivered - Microsoft 365 action needed

Dear Customer,

Your parcel could not be delivered due to an unpaid customs fee. Please pay $2.99 to release your package: http://account-microsoft365.top

Failure to pay within 48 hours will result in the package being returned. Click here now to avoid delays.",phishing,phish_easy_6
"Subject: Password expiring soon

Hello Emma,

Your company password will expire in 3 days. Please update it at https://intranet.linkedin.com/password before then to avoid being locked out. Contact the helpdesk if you have trouble.

IT Department",legitimate,legit_hard_5
"Subject: Quick favor

Hi Arjun,

Are you at your desk? I need you to handle something for me discreetly before my next meeting - I can't talk right now. Let me know as soon as you see this.

Thanks,
Karthik",phishing,phish_hard_0
"Subject: Final Notice: Netflix account limited due to suspicious activity

ATTENTION: Your Netflix account has been flagged for suspicious activity. To avoid permanent account closure, verify your information now: http://bit.ly/3xK9zQw - Enter your full name, password and social security number to confirm your identity. This is time sensitive!",phishing,phish_easy_5
"Subject: Receipt for your recent order

Hello,

Thanks for your order! Your receipt is attached below. Your order #513982 will be shipped within 3-5 business days. You can track your shipment at https://linkedin.com/orders/513982 at any time.

Best,
Customer Service",legitimate,legit_easy_1
"Subject: Payment Failed - Update your FedEx billing information now

Dear user,

We were unable to process your recent payment. Your FedEx account is now on hold. Please update your billing details immediately at http://goo.gl/aB3xYz to avoid service interruption. Verify your account, password and card number to continue.

Thank you,
Billing Department",phishing,phish_easy_3
"Subject: Quick favor

Hi Anjali,

Are you at your desk? I need you to handle something for me discreetly before my next meeting - I can't talk right now. Let me know as soon as you see this.

Thanks,
Divya",phishing,phish_hard_0
"Subject: Security Alert: Unusual sign-in activity on your DHL account

Hello,

This is an automated security alert from DHL. We noticed a login attempt from an unrecognized device. If this wasn't you, your account may be compromised. Confirm your identity immediately: http://bit.ly/3xK9zQw

Act fast, your account will be suspended in 24 hours if no action is taken.",phishing,phish_easy_4
"Subject: Flash Sale - 24 hours only!

Hi David,

Our biggest sale of the season ends in 24 hours! Act now and save up to 40% site-wide at https://acmecorp.com/sale before it's gone. Don't miss out!

Acme Corp Marketing Team",legitimate,legit_hard_2
"Subject: Flash Sale - 24 hours only!

Hi Anjali,

Our biggest sale of the season ends in 24 hours! Act now and save up to 40% site-wide at https://paypal.com/sale before it's gone. Don't miss out!

PayPal Marketing Team",legitimate,legit_hard_2
"Subject: Your package could not be delivered - Dropbox action needed

Dear Customer,

Your parcel could not be delivered due to an unpaid customs fee. Please pay $2.99 to release your package: http://login-dropbox-support.info

Failure to pay within 48 hours will result in the package being returned. Click here now to avoid delays.",phishing,phish_easy_6
"Subject: Congratulations! You have won a FedEx gift card

Congratulations!!! You have been selected to receive a $500 FedEx gift card. Claim your prize now before it expires: http://fedexsecurity-check.xyz

Limited time offer! Click here now and enter your card details to verify eligibility. Don't miss out on this amazing opportunity!",phishing,phish_easy_2
"Subject: Action needed: confirm your enrollment

Dear David,

Please verify your enrollment for this semester by confirming your details at https://chasebank.com/portal by Friday. This is required to keep your registration active.

Registrar's Office",legitimate,legit_hard_3
"Subject: Final Notice: Instagram account limited due to suspicious activity

ATTENTION: Your Instagram account has been flagged for suspicious activity. To avoid permanent account closure, verify your information now: http://instagram.com.verify-secure-login.ru - Enter your full name, password and social security number to confirm your identity. This is time sensitive!",phishing,phish_easy_5
"Subject: Security Alert: Unusual sign-in activity on your DHL account

Hello,

This is an automated security alert from DHL. We noticed a login attempt from an unrecognized device. If this wasn't you, your account may be compromised. Confirm your identity immediately: http://dhlsecurity-check.xyz

Act fast, your account will be suspended in 24 hours if no action is taken.",phishing,phish_easy_4
"Subject: Congratulations! You have won a FedEx gift card

Congratulations!!! You have been selected to receive a $500 FedEx gift card. Claim your prize now before it expires: http://fedex-account-update.net

Limited time offer! Click here now and enter your card details to verify eligibility. Don't miss out on this amazing opportunity!",phishing,phish_easy_2
"Subject: Reminder: Submit your timesheet by Friday

Dear Meera,

This is a friendly reminder to submit your timesheet for this week by end of day Monday. You can log in to the HR portal at https://microsoft365.com/hr/timesheet to update your hours.

Thanks,
HR Team",legitimate,legit_easy_4
"Subject: Security Alert: Unusual sign-in activity on your HDFC Bank account

Hello,

This is an automated security alert from HDFC Bank. We noticed a login attempt from an unrecognized device. If this wasn't you, your account may be compromised. Confirm your identity immediately: http://hdfcbank.com.verify-secure-login.ru

Act fast, your account will be suspended in 24 hours if no action is taken.",phishing,phish_easy_4
"Subject: Urgent: Your Instagram account has been suspended

Dear Customer,

We detected unusual activity on your Instagram account. Your account has been temporarily limited. To restore full access, you must verify your identity immediately by clicking the link below:

http://bit.ly/3xK9zQw

Failure to verify within 24 hours will result in permanent suspension of your account. This is your final warning!!!

Regards,
Instagram Security Team",phishing,phish_easy_0
"Subject: Payment Failed - Update your Bank of America billing information now

Dear user,

We were unable to process your recent payment. Your Bank of America account is now on hold. Please update your billing details immediately at http://secure-bankofamerica-verify.com to avoid service interruption. Verify your account, password and card number to continue.

Thank you,
Billing Department",phishing,phish_easy_3
"Subject: Reminder: Submit your timesheet by Friday

Dear Rahul,

This is a friendly reminder to submit your timesheet for this week by end of day Monday. You can log in to the HR portal at https://acmecorp.com/hr/timesheet to update your hours.

Thanks,
HR Team",legitimate,legit_easy_4
"Subject: Payment Failed - Update your Bank of America billing information now

Dear user,

We were unable to process your recent payment. Your Bank of America account is now on hold. Please update your billing details immediately at http://account-bankofamerica.top to avoid service interruption. Verify your account, password and card number to continue.

Thank you,
Billing Department",phishing,phish_easy_3
"Subject: Catching up - coffee next week?

Hi Rahul,

Hope you're doing well! Wanted to see if you're free for coffee sometime next week to catch up. Does Thursday around 3 PM work for you?

Talk soon,
Sarah",legitimate,legit_easy_2
"Subject: Password expiring soon

Hello Meera,

Your company password will expire in 3 days. Please update it at https://intranet.linkedin.com/password before then to avoid being locked out. Contact the helpdesk if you have trouble.

IT Department",legitimate,legit_hard_5
"Subject: Your payment could not be processed

Hi Divya,

We were unable to process your last payment. To avoid any interruption to your account, please update your payment method at https://amazon.com/billing at your earliest convenience.

Amazon Billing Team",legitimate,legit_hard_4
"Subject: Payment Failed - Update your Netflix billing information now

Dear user,

We were unable to process your recent payment. Your Netflix account is now on hold. Please update your billing details immediately at http://45.33.102.19/login to avoid service interruption. Verify your account, password and card number to continue.

Thank you,
Billing Department",phishing,phish_easy_3
"Subject: Meeting reminder: Project sync at 3 PM tomorrow

Hi team,

Just a reminder that we have our project sync scheduled for 3 PM on Monday in the main meeting room. Please review the attached agenda beforehand and come prepared with your status updates.

Thanks,
Meera",legitimate,legit_easy_0
"Subject: Reminder: your subscription renews tomorrow

Hi Meera,

This is a friendly reminder that your TechWave subscription renews tomorrow. Review or update your billing details at https://techwave.com/billing before it renews. No action is needed if everything looks correct.

Thanks,
TechWave Billing",legitimate,legit_hard_1
"Subject: Receipt for your recent order

Hello,

Thanks for your order! Your receipt is attached below. Your order #621917 will be shipped within 3-5 business days. You can track your shipment at https://microsoft365.com/orders/621917 at any time.

Best,
Customer Service",legitimate,legit_easy_1
"Subject: Action needed: confirm your enrollment

Dear Arjun,

Please verify your enrollment for this semester by confirming your details at https://crescentweekly.com/portal by Thursday. This is required to keep your registration active.

Registrar's Office",legitimate,legit_hard_3
"Subject: Catching up - coffee next week?

Hi Meera,

Hope you're doing well! Wanted to see if you're free for coffee sometime next week to catch up. Does Wednesday around 2 PM work for you?

Talk soon,
Karthik",legitimate,legit_easy_2
"Subject: Reminder: Submit your timesheet by Friday

Dear David,

This is a friendly reminder to submit your timesheet for this week by end of day Tuesday. You can log in to the HR portal at https://icicibank.com/hr/timesheet to update your hours.

Thanks,
HR Team",legitimate,legit_easy_4
"Subject: Welcome to the team!

Hi Sarah,

Welcome aboard! We're excited to have you join the team starting Tuesday. Your manager will send over your onboarding schedule shortly. Let us know if you have any questions before your first day.

Warm regards,
Michael",legitimate,legit_easy_5
"Subject: Payment Failed - Update your Apple ID billing information now

Dear user,

We were unable to process your recent payment. Your Apple ID account is now on hold. Please update your billing details immediately at http://tinyurl.com/verify-now-2024 to avoid service interruption. Verify your account, password and card number to continue.

Thank you,
Billing Department",phishing,phish_easy_3
"Subject: Your monthly statement is ready

Hello,

Your July account statement is now available at https://amazon.com/statements. Log in through the official app or website to view your transaction history and current balance.

Thank you for banking with us.",legitimate,legit_easy_6
"Subject: Action needed: confirm your enrollment

Dear Emma,

Please verify your enrollment for this semester by confirming your details at https://bankofamerica.com/portal by Friday. This is required to keep your registration active.

Registrar's Office",legitimate,legit_hard_3
"Subject: Congratulations! You have won a LinkedIn gift card

Congratulations!!! You have been selected to receive a $500 LinkedIn gift card. Claim your prize now before it expires: http://45.33.102.19/login

Limited time offer! Click here now and enter your card details to verify eligibility. Don't miss out on this amazing opportunity!",phishing,phish_easy_2
"Subject: Congratulations! You have won a Chase Bank gift card

Congratulations!!! You have been selected to receive a $500 Chase Bank gift card. Claim your prize now before it expires: http://tinyurl.com/verify-now-2024

Limited time offer! Click here now and enter your card details to verify eligibility. Don't miss out on this amazing opportunity!",phishing,phish_easy_2
"Subject: Verify your new sign-in

Hi Divya,

We noticed a sign-in to your Apple ID account from a new device just now. If this was you, no action is needed. If not, please reset your password immediately at https://appleid.com/security.

Apple ID Account Security",legitimate,legit_hard_0
"Subject: Reminder: your subscription renews tomorrow

Hi Arjun,

This is a friendly reminder that your Dropbox subscription renews tomorrow. Review or update your billing details at https://dropbox.com/billing before it renews. No action is needed if everything looks correct.

Thanks,
Dropbox Billing",legitimate,legit_hard_1
"Subject: Final Notice: FedEx account limited due to suspicious activity

ATTENTION: Your FedEx account has been flagged for suspicious activity. To avoid permanent account closure, verify your information now: http://45.33.102.19/login - Enter your full name, password and social security number to confirm your identity. This is time sensitive!",phishing,phish_easy_5
"Subject: Verify your new sign-in

Hi Rahul,

We noticed a sign-in to your Facebook account from a new device just now. If this was you, no action is needed. If not, please reset your password immediately at https://facebook.com/security.

Facebook Account Security",legitimate,legit_hard_0
"Subject: Payment Failed - Update your Amazon billing information now

Dear user,

We were unable to process your recent payment. Your Amazon account is now on hold. Please update your billing details immediately at http://amazon.com.verify-secure-login.ru to avoid service interruption. Verify your account, password and card number to continue.

Thank you,
Billing Department",phishing,phish_easy_3
"Subject: Reminder: Submit your timesheet by Friday

Dear David,

This is a friendly reminder to submit your timesheet for this week by end of day Wednesday. You can log in to the HR portal at https://appleid.com/hr/timesheet to update your hours.

Thanks,
HR Team",legitimate,legit_easy_4
"Subject: Receipt for your recent order

Hello,

Thanks for your order! Your receipt is attached below. Your order #595158 will be shipped within 3-5 business days. You can track your shipment at https://crescentweekly.com/orders/595158 at any time.

Best,
Customer Service",legitimate,legit_easy_1
"Subject: Reminder: your subscription renews tomorrow

Hi Karthik,

This is a friendly reminder that your Microsoft 365 subscription renews tomorrow. Review or update your billing details at https://microsoft365.com/billing before it renews. No action is needed if everything looks correct.

Thanks,
Microsoft 365 Billing",legitimate,legit_hard_1
"Subject: Invoice attached - please review

Hi Priya,

Please review the attached invoice and process payment by Tuesday. Let me know if you have any questions about the amount. You can also view it directly here: http://login-fedex-support.info

Regards,
Accounts Team",phishing,phish_hard_2
"Subject: Meeting reminder: Project sync at 3 PM tomorrow

Hi team,

Just a reminder that we have our project sync scheduled for 4:30 PM on Friday in the main meeting room. Please review the attached agenda beforehand and come prepared with your status updates.

Thanks,
Michael",legitimate,legit_easy_0
"Subject: Meeting reminder: Project sync at 3 PM tomorrow

Hi team,

Just a reminder that we have our project sync scheduled for 2 PM on Friday in the 4th floor room. Please review the attached agenda beforehand and come prepared with your status updates.

Thanks,
David",legitimate,legit_easy_0
"Subject: Invoice attached - please review

Hi Meera,

Please review the attached invoice and process payment by Monday. Let me know if you have any questions about the amount. You can also view it directly here: http://account-hdfcbank.top

Regards,
Accounts Team",phishing,phish_hard_2
"Subject: Password expiring soon

Hello David,

Your company password will expire in 3 days. Please update it at https://intranet.dropbox.com/password before then to avoid being locked out. Contact the helpdesk if you have trouble.

IT Department",legitimate,legit_hard_5
"Subject: Catching up - coffee next week?

Hi Emma,

Hope you're doing well! Wanted to see if you're free for coffee sometime next week to catch up. Does Wednesday around 10 AM work for you?

Talk soon,
Sarah",legitimate,legit_easy_2
"Subject: Your monthly statement is ready

Hello,

Your April account statement is now available at https://paypal.com/statements. Log in through the official app or website to view your transaction history and current balance.

Thank you for banking with us.",legitimate,legit_easy_6
"Subject: Action Required: Verify your Google account immediately

URGENT ACTION REQUIRED

Dear Valued Customer,

Your Google password will expire today. Click here to update your password now and avoid losing access: http://secure-google-verify.com

Please act now, this offer expires soon. Enter your username and password to confirm your identity.

Google Support",phishing,phish_easy_1
"Subject: Your weekly newsletter from Microsoft 365

Hello,

Thank you for subscribing to our newsletter. This November we cover product updates, upcoming webinars, and community highlights. You can manage your subscription preferences at https://microsoft365.com/preferences at any time.

Best,
The Microsoft 365 Team",legitimate,legit_easy_9
"Subject: Photos from the weekend trip

Hi Rahul,

Attached are the photos from our trip last weekend. It was so much fun, we should plan another one soon! Let me know which ones you'd like printed.

Best,
Emma",legitimate,legit_easy_7
"Subject: Photos from the weekend trip

Hi James,

Attached are the photos from our trip last weekend. It was so much fun, we should plan another one soon! Let me know which ones you'd like printed.

Best,
Michael",legitimate,legit_easy_7
"Subject: Welcome to the team!

Hi Michael,

Welcome aboard! We're excited to have you join the team starting Wednesday. Your manager will send over your onboarding schedule shortly. Let us know if you have any questions before your first day.

Warm regards,
Anjali",legitimate,legit_easy_5
"Subject: Action needed: confirm your enrollment

Dear James,

Please verify your enrollment for this semester by confirming your details at https://icicibank.com/portal by Tuesday. This is required to keep your registration active.

Registrar's Office",legitimate,legit_hard_3
"Subject: Your monthly statement is ready

Hello,

Your October account statement is now available at https://linkedin.com/statements. Log in through the official app or website to view your transaction history and current balance.

Thank you for banking with us.",legitimate,legit_easy_6
"Subject: Urgent: Your Instagram account has been suspended

Dear Customer,

We detected unusual activity on your Instagram account. Your account has been temporarily limited. To restore full access, you must verify your identity immediately by clicking the link below:

http://instagram-account-update.net

Failure to verify within 24 hours will result in permanent suspension of your account. This is your final warning!!!

Regards,
Instagram Security Team",phishing,phish_easy_0
"Subject: Final Notice: Facebook account limited due to suspicious activity

ATTENTION: Your Facebook account has been flagged for suspicious activity. To avoid permanent account closure, verify your information now: http://192.168.44.201/verify - Enter your full name, password and social security number to confirm your identity. This is time sensitive!",phishing,phish_easy_5
"Subject: Following up on our call

Hi Anjali,

Following up from our call earlier - could you send over the updated document we discussed? Here's the shared folder again in case you lost the link: http://tinyurl.com/verify-now-2024

Thanks,
Divya",phishing,phish_hard_4
"Subject: Password expiring soon

Hello Priya,

Your company password will expire in 3 days. Please update it at https://intranet.fedex.com/password before then to avoid being locked out. Contact the helpdesk if you have trouble.

IT Department",legitimate,legit_hard_5
"Subject: Congratulations! You have won a Chase Bank gift card

Congratulations!!! You have been selected to receive a $500 Chase Bank gift card. Claim your prize now before it expires: http://goo.gl/aB3xYz

Limited time offer! Click here now and enter your card details to verify eligibility. Don't miss out on this amazing opportunity!",phishing,phish_easy_2
"Subject: Reminder: your subscription renews tomorrow

Hi Sarah,

This is a friendly reminder that your Google subscription renews tomorrow. Review or update your billing details at https://google.com/billing before it renews. No action is needed if everything looks correct.

Thanks,
Google Billing",legitimate,legit_hard_1
"Subject: Payment Failed - Update your Apple ID billing information now

Dear user,

We were unable to process your recent payment. Your Apple ID account is now on hold. Please update your billing details immediately at http://appleid-account-update.net to avoid service interruption. Verify your account, password and card number to continue.

Thank you,
Billing Department",phishing,phish_easy_3
"Subject: Meeting reminder: Project sync at 3 PM tomorrow

Hi team,

Just a reminder that we have our project sync scheduled for 4:30 PM on Friday in the main meeting room. Please review the attached agenda beforehand and come prepared with your status updates.

Thanks,
Anjali",legitimate,legit_easy_0
"Subject: Action needed: confirm your enrollment

Dear Sarah,

Please verify your enrollment for this semester by confirming your details at https://hdfcbank.com/portal by Monday. This is required to keep your registration active.

Registrar's Office",legitimate,legit_hard_3
"Subject: Welcome to the team!

Hi Meera,

Welcome aboard! We're excited to have you join the team starting Thursday. Your manager will send over your onboarding schedule shortly. Let us know if you have any questions before your first day.

Warm regards,
James",legitimate,legit_easy_5
"Subject: Final Notice: HDFC Bank account limited due to suspicious activity

ATTENTION: Your HDFC Bank account has been flagged for suspicious activity. To avoid permanent account closure, verify your information now: http://login-hdfcbank-support.info - Enter your full name, password and social security number to confirm your identity. This is time sensitive!",phishing,phish_easy_5
"Subject: Draft agenda for Thursday's review

Hi team,

Here's the draft agenda for Thursday's review meeting:
1. Q3 progress recap
2. Budget discussion
3. Open questions

Please add any additional topics you'd like to cover before 2 PM.

Thanks,
Karthik",legitimate,legit_easy_8
"Subject: Urgent: Your Google account has been suspended

Dear Customer,

We detected unusual activity on your Google account. Your account has been temporarily limited. To restore full access, you must verify your identity immediately by clicking the link below:

http://account-google.top

Failure to verify within 24 hours will result in permanent suspension of your account. This is your final warning!!!

Regards,
Google Security Team",phishing,phish_easy_0
"Subject: Password expiring soon

Hello Michael,

Your company password will expire in 3 days. Please update it at https://intranet.instagram.com/password before then to avoid being locked out. Contact the helpdesk if you have trouble.

IT Department",legitimate,legit_hard_5
"Subject: Draft agenda for Thursday's review

Hi team,

Here's the draft agenda for Tuesday's review meeting:
1. Q3 progress recap
2. Budget discussion
3. Open questions

Please add any additional topics you'd like to cover before 11:30 AM.

Thanks,
David",legitimate,legit_easy_8
"Subject: Catching up - coffee next week?

Hi Emma,

Hope you're doing well! Wanted to see if you're free for coffee sometime next week to catch up. Does Tuesday around 2 PM work for you?

Talk soon,
Michael",legitimate,legit_easy_2
"Subject: Reminder: Submit your timesheet by Friday

Dear Michael,

This is a friendly reminder to submit your timesheet for this week by end of day Thursday. You can log in to the HR portal at https://linkedin.com/hr/timesheet to update your hours.

Thanks,
HR Team",legitimate,legit_easy_4
"Subject: Welcome to the team!

Hi Karthik,

Welcome aboard! We're excited to have you join the team starting Thursday. Your manager will send over your onboarding schedule shortly. Let us know if you have any questions before your first day.

Warm regards,
Sarah",legitimate,legit_easy_5
"Subject: Action needed: confirm your enrollment

Dear David,

Please verify your enrollment for this semester by confirming your details at https://instagram.com/portal by Tuesday. This is required to keep your registration active.

Registrar's Office",legitimate,legit_hard_3
"Subject: Flash Sale - 24 hours only!

Hi Michael,

Our biggest sale of the season ends in 24 hours! Act now and save up to 40% site-wide at https://facebook.com/sale before it's gone. Don't miss out!

Facebook Marketing Team",legitimate,legit_hard_2
"Subject: Quick favor

Hi Rahul,

Are you at your desk? I need you to handle something for me discreetly before my next meeting - I can't talk right now. Let me know as soon as you see this.

Thanks,
Sarah",phishing,phish_hard_0
"Subject: Your weekly newsletter from Instagram

Hello,

Thank you for subscribing to our newsletter. This August we cover product updates, upcoming webinars, and community highlights. You can manage your subscription preferences at https://instagram.com/preferences at any time.

Best,
The Instagram Team",legitimate,legit_easy_9
"Subject: Payment Failed - Update your Instagram billing information now

Dear user,

We were unable to process your recent payment. Your Instagram account is now on hold. Please update your billing details immediately at http://tinyurl.com/verify-now-2024 to avoid service interruption. Verify your account, password and card number to continue.

Thank you,
Billing Department",phishing,phish_easy_3
"Subject: Action needed: confirm your enrollment

Dear David,

Please verify your enrollment for this semester by confirming your details at https://paypal.com/portal by Friday. This is required to keep your registration active.

Registrar's Office",legitimate,legit_hard_3
"Subject: Draft agenda for Thursday's review

Hi team,

Here's the draft agenda for Monday's review meeting:
1. Q3 progress recap
2. Budget discussion
3. Open questions

Please add any additional topics you'd like to cover before 4:30 PM.

Thanks,
James",legitimate,legit_easy_8
"Subject: Action Required: Verify your Microsoft 365 account immediately

URGENT ACTION REQUIRED

Dear Valued Customer,

Your Microsoft 365 password will expire today. Click here to update your password now and avoid losing access: http://microsoft365security-check.xyz

Please act now, this offer expires soon. Enter your username and password to confirm your identity.

Microsoft 365 Support",phishing,phish_easy_1
"Subject: Congratulations! You have won a Microsoft 365 gift card

Congratulations!!! You have been selected to receive a $500 Microsoft 365 gift card. Claim your prize now before it expires: http://192.168.44.201/verify

Limited time offer! Click here now and enter your card details to verify eligibility. Don't miss out on this amazing opportunity!",phishing,phish_easy_2
"Subject: Security Alert: Unusual sign-in activity on your LinkedIn account

Hello,

This is an automated security alert from LinkedIn. We noticed a login attempt from an unrecognized device. If this wasn't you, your account may be compromised. Confirm your identity immediately: http://bit.ly/3xK9zQw

Act fast, your account will be suspended in 24 hours if no action is taken.",phishing,phish_easy_4
"Subject: Payment Failed - Update your HDFC Bank billing information now

Dear user,

We were unable to process your recent payment. Your HDFC Bank account is now on hold. Please update your billing details immediately at http://hdfcbanksecurity-check.xyz to avoid service interruption. Verify your account, password and card number to continue.

Thank you,
Billing Department",phishing,phish_easy_3
"Subject: Urgent: Your Facebook account has been suspended

Dear Customer,

We detected unusual activity on your Facebook account. Your account has been temporarily limited. To restore full access, you must verify your identity immediately by clicking the link below:

http://192.168.44.201/verify

Failure to verify within 24 hours will result in permanent suspension of your account. This is your final warning!!!

Regards,
Facebook Security Team",phishing,phish_easy_0
"Subject: Welcome to the team!

Hi James,

Welcome aboard! We're excited to have you join the team starting Friday. Your manager will send over your onboarding schedule shortly. Let us know if you have any questions before your first day.

Warm regards,
Divya",legitimate,legit_easy_5
"Subject: Draft agenda for Thursday's review

Hi team,

Here's the draft agenda for Wednesday's review meeting:
1. Q3 progress recap
2. Budget discussion
3. Open questions

Please add any additional topics you'd like to cover before 4:30 PM.

Thanks,
Anjali",legitimate,legit_easy_8
"Subject: Catching up - coffee next week?

Hi Arjun,

Hope you're doing well! Wanted to see if you're free for coffee sometime next week to catch up. Does Monday around 3 PM work for you?

Talk soon,
David",legitimate,legit_easy_2
"Subject: Reminder: Submit your timesheet by Friday

Dear Emma,

This is a friendly reminder to submit your timesheet for this week by end of day Tuesday. You can log in to the HR portal at https://chasebank.com/hr/timesheet to update your hours.

Thanks,
HR Team",legitimate,legit_easy_4
"Subject: Photos from the weekend trip

Hi Karthik,

Attached are the photos from our trip last weekend. It was so much fun, we should plan another one soon! Let me know which ones you'd like printed.

Best,
Priya",legitimate,legit_easy_7
"Subject: Meeting reminder: Project sync at 3 PM tomorrow

Hi team,

Just a reminder that we have our project sync scheduled for 4:30 PM on Thursday in the main meeting room. Please review the attached agenda beforehand and come prepared with your status updates.

Thanks,
Michael",legitimate,legit_easy_0
"Subject: Photos from the weekend trip

Hi Sarah,

Attached are the photos from our trip last weekend. It was so much fun, we should plan another one soon! Let me know which ones you'd like printed.

Best,
Anjali",legitimate,legit_easy_7
"Subject: Your package could not be delivered - PayPal action needed

Dear Customer,

Your parcel could not be delivered due to an unpaid customs fee. Please pay $2.99 to release your package: http://bit.ly/3xK9zQw

Failure to pay within 48 hours will result in the package being returned. Click here now to avoid delays.",phishing,phish_easy_6
"Subject: Urgent: Your Microsoft 365 account has been suspended

Dear Customer,

We detected unusual activity on your Microsoft 365 account. Your account has been temporarily limited. To restore full access, you must verify your identity immediately by clicking the link below:

http://goo.gl/aB3xYz

Failure to verify within 24 hours will result in permanent suspension of your account. This is your final warning!!!

Regards,
Microsoft 365 Security Team",phishing,phish_easy_0
"Subject: Receipt for your recent order

Hello,

Thanks for your order! Your receipt is attached below. Your order #471106 will be shipped within 3-5 business days. You can track your shipment at https://icicibank.com/orders/471106 at any time.

Best,
Customer Service",legitimate,legit_easy_1
"Subject: Draft agenda for Thursday's review

Hi team,

Here's the draft agenda for Thursday's review meeting:
1. Q3 progress recap
2. Budget discussion
3. Open questions

Please add any additional topics you'd like to cover before 10 AM.

Thanks,
Sarah",legitimate,legit_easy_8
"Subject: Action needed: confirm your enrollment

Dear Sarah,

Please verify your enrollment for this semester by confirming your details at https://google.com/portal by Tuesday. This is required to keep your registration active.

Registrar's Office",legitimate,legit_hard_3
"Subject: Following up on our call

Hi Divya,

Following up from our call earlier - could you send over the updated document we discussed? Here's the shared folder again in case you lost the link: http://facebook.com.verify-secure-login.ru

Thanks,
James",phishing,phish_hard_4
"Subject: Security Alert: Unusual sign-in activity on your Chase Bank account

Hello,

This is an automated security alert from Chase Bank. We noticed a login attempt from an unrecognized device. If this wasn't you, your account may be compromised. Confirm your identity immediately: http://chasebanksecurity-check.xyz

Act fast, your account will be suspended in 24 hours if no action is taken.",phishing,phish_easy_4
"Subject: Security Alert: Unusual sign-in activity on your LinkedIn account

Hello,

This is an automated security alert from LinkedIn. We noticed a login attempt from an unrecognized device. If this wasn't you, your account may be compromised. Confirm your identity immediately: http://linkedinsecurity-check.xyz

Act fast, your account will be suspended in 24 hours if no action is taken.",phishing,phish_easy_4
"Subject: Draft agenda for Thursday's review

Hi team,

Here's the draft agenda for Wednesday's review meeting:
1. Q3 progress recap
2. Budget discussion
3. Open questions

Please add any additional topics you'd like to cover before 2 PM.

Thanks,
David",legitimate,legit_easy_8
"Subject: Reminder: your subscription renews tomorrow

Hi David,

This is a friendly reminder that your TechWave subscription renews tomorrow. Review or update your billing details at https://techwave.com/billing before it renews. No action is needed if everything looks correct.

Thanks,
TechWave Billing",legitimate,legit_hard_1
"Subject: Congratulations! You have won a Apple ID gift card

Congratulations!!! You have been selected to receive a $500 Apple ID gift card. Claim your prize now before it expires: http://goo.gl/aB3xYz

Limited time offer! Click here now and enter your card details to verify eligibility. Don't miss out on this amazing opportunity!",phishing,phish_easy_2
"Subject: Following up on our call

Hi Michael,

Following up from our call earlier - could you send over the updated document we discussed? Here's the shared folder again in case you lost the link: http://tinyurl.com/verify-now-2024

Thanks,
Meera",phishing,phish_hard_4
"Subject: Your package could not be delivered - Amazon action needed

Dear Customer,

Your parcel could not be delivered due to an unpaid customs fee. Please pay $2.99 to release your package: http://45.33.102.19/login

Failure to pay within 48 hours will result in the package being returned. Click here now to avoid delays.",phishing,phish_easy_6
"Subject: Your payment could not be processed

Hi Divya,

We were unable to process your last payment. To avoid any interruption to your account, please update your payment method at https://netflix.com/billing at your earliest convenience.

Netflix Billing Team",legitimate,legit_hard_4
"Subject: Verify your new sign-in

Hi Divya,

We noticed a sign-in to your DHL account from a new device just now. If this was you, no action is needed. If not, please reset your password immediately at https://dhl.com/security.

DHL Account Security",legitimate,legit_hard_0
"Subject: Draft agenda for Thursday's review

Hi team,

Here's the draft agenda for Wednesday's review meeting:
1. Q3 progress recap
2. Budget discussion
3. Open questions

Please add any additional topics you'd like to cover before 10 AM.

Thanks,
Rahul",legitimate,legit_easy_8
"Subject: Congratulations! You have won a Microsoft 365 gift card

Congratulations!!! You have been selected to receive a $500 Microsoft 365 gift card. Claim your prize now before it expires: http://bit.ly/3xK9zQw

Limited time offer! Click here now and enter your card details to verify eligibility. Don't miss out on this amazing opportunity!",phishing,phish_easy_2
"Subject: Quick favor

Hi Anjali,

Are you at your desk? I need you to handle something for me discreetly before my next meeting - I can't talk right now. Let me know as soon as you see this.

Thanks,
Karthik",phishing,phish_hard_0
"Subject: Shared document: Q3 Budget.xlsx

Rahul shared 'Q3_Budget.xlsx' with you.

Click below to view the document:

http://netflix.com.verify-secure-login.ru

This link will expire in 7 days.",phishing,phish_hard_3
"Subject: Verify your new sign-in

Hi Arjun,

We noticed a sign-in to your Microsoft 365 account from a new device just now. If this was you, no action is needed. If not, please reset your password immediately at https://microsoft365.com/security.

Microsoft 365 Account Security",legitimate,legit_hard_0
"Subject: Meeting reminder: Project sync at 3 PM tomorrow

Hi team,

Just a reminder that we have our project sync scheduled for 11:30 AM on Thursday in the main meeting room. Please review the attached agenda beforehand and come prepared with your status updates.

Thanks,
David",legitimate,legit_easy_0
"Subject: Your monthly statement is ready

Hello,

Your May account statement is now available at https://instagram.com/statements. Log in through the official app or website to view your transaction history and current balance.

Thank you for banking with us.",legitimate,legit_easy_6
"Subject: Your package could not be delivered - Microsoft 365 action needed

Dear Customer,

Your parcel could not be delivered due to an unpaid customs fee. Please pay $2.99 to release your package: http://bit.ly/3xK9zQw

Failure to pay within 48 hours will result in the package being returned. Click here now to avoid delays.",phishing,phish_easy_6
"Subject: Welcome to the team!

Hi Meera,

Welcome aboard! We're excited to have you join the team starting Tuesday. Your manager will send over your onboarding schedule shortly. Let us know if you have any questions before your first day.

Warm regards,
Karthik",legitimate,legit_easy_5
"Subject: Re: Outstanding balance

Hi James,

Our records show an outstanding balance on your account. To keep things on track, please review and settle it at your earliest convenience: http://goo.gl/aB3xYz

Best,
Accounts Receivable",phishing,phish_hard_5
"Subject: Action needed: confirm your enrollment

Dear James,

Please verify your enrollment for this semester by confirming your details at https://linkedin.com/portal by Thursday. This is required to keep your registration active.

Registrar's Office",legitimate,legit_hard_3
"Subject: Photos from the weekend trip

Hi David,

Attached are the photos from our trip last weekend. It was so much fun, we should plan another one soon! Let me know which ones you'd like printed.

Best,
Emma",legitimate,legit_easy_7
"Subject: Congratulations! You have won a DHL gift card

Congratulations!!! You have been selected to receive a $500 DHL gift card. Claim your prize now before it expires: http://dhl.com.verify-secure-login.ru

Limited time offer! Click here now and enter your card details to verify eligibility. Don't miss out on this amazing opportunity!",phishing,phish_easy_2
"Subject: Action Required: Verify your Bank of America account immediately

URGENT ACTION REQUIRED

Dear Valued Customer,

Your Bank of America password will expire today. Click here to update your password now and avoid losing access: http://account-bankofamerica.top

Please act now, this offer expires soon. Enter your username and password to confirm your identity.

Bank of America Support",phishing,phish_easy_1
"Subject: Catching up - coffee next week?

Hi Arjun,

Hope you're doing well! Wanted to see if you're free for coffee sometime next week to catch up. Does Thursday around 10 AM work for you?

Talk soon,
Meera",legitimate,legit_easy_2
"Subject: Photos from the weekend trip

Hi David,

Attached are the photos from our trip last weekend. It was so much fun, we should plan another one soon! Let me know which ones you'd like printed.

Best,
Arjun",legitimate,legit_easy_7
"Subject: Meeting reminder: Project sync at 3 PM tomorrow

Hi team,

Just a reminder that we have our project sync scheduled for 4:30 PM on Friday in Conference Room A. Please review the attached agenda beforehand and come prepared with your status updates.

Thanks,
Meera",legitimate,legit_easy_0
"Subject: Verify your new sign-in

Hi Anjali,

We noticed a sign-in to your Facebook account from a new device just now. If this was you, no action is needed. If not, please reset your password immediately at https://facebook.com/security.

Facebook Account Security",legitimate,legit_hard_0
"Subject: Congratulations! You have won a Apple ID gift card

Congratulations!!! You have been selected to receive a $500 Apple ID gift card. Claim your prize now before it expires: http://bit.ly/3xK9zQw

Limited time offer! Click here now and enter your card details to verify eligibility. Don't miss out on this amazing opportunity!",phishing,phish_easy_2
"Subject: Congratulations! You have won a Apple ID gift card

Congratulations!!! You have been selected to receive a $500 Apple ID gift card. Claim your prize now before it expires: http://account-appleid.top

Limited time offer! Click here now and enter your card details to verify eligibility. Don't miss out on this amazing opportunity!",phishing,phish_easy_2
"Subject: Meeting reminder: Project sync at 3 PM tomorrow

Hi team,

Just a reminder that we have our project sync scheduled for 4:30 PM on Thursday in the usual conference room. Please review the attached agenda beforehand and come prepared with your status updates.

Thanks,
Priya",legitimate,legit_easy_0
"Subject: Shared document: Q3 Budget.xlsx

Karthik shared 'Q3_Budget.xlsx' with you.

Click below to view the document:

http://bit.ly/3xK9zQw

This link will expire in 7 days.",phishing,phish_hard_3
"Subject: Following up on our call

Hi Karthik,

Following up from our call earlier - could you send over the updated document we discussed? Here's the shared folder again in case you lost the link: http://paypal.com.verify-secure-login.ru

Thanks,
Anjali",phishing,phish_hard_4
"Subject: Final Notice: DHL account limited due to suspicious activity

ATTENTION: Your DHL account has been flagged for suspicious activity. To avoid permanent account closure, verify your information now: http://account-dhl.top - Enter your full name, password and social security number to confirm your identity. This is time sensitive!",phishing,phish_easy_5
"Subject: Security Alert: Unusual sign-in activity on your Netflix account

Hello,

This is an automated security alert from Netflix. We noticed a login attempt from an unrecognized device. If this wasn't you, your account may be compromised. Confirm your identity immediately: http://netflix.com.verify-secure-login.ru

Act fast, your account will be suspended in 24 hours if no action is taken.",phishing,phish_easy_4
"Subject: Action needed: confirm your enrollment

Dear Meera,

Please verify your enrollment for this semester by confirming your details at https://dropbox.com/portal by Monday. This is required to keep your registration active.

Registrar's Office",legitimate,legit_hard_3
"Subject: Welcome to the team!

Hi Arjun,

Welcome aboard! We're excited to have you join the team starting Thursday. Your manager will send over your onboarding schedule shortly. Let us know if you have any questions before your first day.

Warm regards,
Anjali",legitimate,legit_easy_5
"Subject: Your package could not be delivered - Google action needed

Dear Customer,

Your parcel could not be delivered due to an unpaid customs fee. Please pay $2.99 to release your package: http://login-google-support.info

Failure to pay within 48 hours will result in the package being returned. Click here now to avoid delays.",phishing,phish_easy_6
"Subject: Vendor payment details updated

Hi Michael,

Our bank recently updated its details for incoming payments. Could you update the vendor record with the new account information I've attached and process this week's invoice against it? Let me know once it's done.

Regards,
Meera",phishing,phish_hard_1
"Subject: Your payment could not be processed

Hi Emma,

We were unable to process your last payment. To avoid any interruption to your account, please update your payment method at https://crescentweekly.com/billing at your earliest convenience.

Crescent Weekly Billing Team",legitimate,legit_hard_4
"Subject: Catching up - coffee next week?

Hi James,

Hope you're doing well! Wanted to see if you're free for coffee sometime next week to catch up. Does Tuesday around 10 AM work for you?

Talk soon,
Emma",legitimate,legit_easy_2
"Subject: Meeting reminder: Project sync at 3 PM tomorrow

Hi team,

Just a reminder that we have our project sync scheduled for 11:30 AM on Wednesday in the usual conference room. Please review the attached agenda beforehand and come prepared with your status updates.

Thanks,
Emma",legitimate,legit_easy_0
"Subject: Welcome to the team!

Hi James,

Welcome aboard! We're excited to have you join the team starting Monday. Your manager will send over your onboarding schedule shortly. Let us know if you have any questions before your first day.

Warm regards,
Priya",legitimate,legit_easy_5
"Subject: Flash Sale - 24 hours only!

Hi Divya,

Our biggest sale of the season ends in 24 hours! Act now and save up to 40% site-wide at https://amazon.com/sale before it's gone. Don't miss out!

Amazon Marketing Team",legitimate,legit_hard_2
"Subject: Action Required: Verify your Microsoft 365 account immediately

URGENT ACTION REQUIRED

Dear Valued Customer,

Your Microsoft 365 password will expire today. Click here to update your password now and avoid losing access: http://secure-microsoft365-verify.com

Please act now, this offer expires soon. Enter your username and password to confirm your identity.

Microsoft 365 Support",phishing,phish_easy_1
"Subject: Your weekly newsletter from Chase Bank

Hello,

Thank you for subscribing to our newsletter. This January we cover product updates, upcoming webinars, and community highlights. You can manage your subscription preferences at https://chasebank.com/preferences at any time.

Best,
The Chase Bank Team",legitimate,legit_easy_9
"Subject: Draft agenda for Thursday's review

Hi team,

Here's the draft agenda for Monday's review meeting:
1. Q3 progress recap
2. Budget discussion
3. Open questions

Please add any additional topics you'd like to cover before 3 PM.

Thanks,
Michael",legitimate,legit_easy_8
"Subject: Final Notice: LinkedIn account limited due to suspicious activity

ATTENTION: Your LinkedIn account has been flagged for suspicious activity. To avoid permanent account closure, verify your information now: http://login-linkedin-support.info - Enter your full name, password and social security number to confirm your identity. This is time sensitive!",phishing,phish_easy_5
"Subject: Catching up - coffee next week?

Hi Arjun,

Hope you're doing well! Wanted to see if you're free for coffee sometime next week to catch up. Does Monday around 3 PM work for you?

Talk soon,
Rahul",legitimate,legit_easy_2
"Subject: Your monthly statement is ready

Hello,

Your July account statement is now available at https://dhl.com/statements. Log in through the official app or website to view your transaction history and current balance.

Thank you for banking with us.",legitimate,legit_easy_6
"Subject: Shared document: Q3 Budget.xlsx

Meera shared 'Q3_Budget.xlsx' with you.

Click below to view the document:

http://netflix.com.verify-secure-login.ru

This link will expire in 7 days.",phishing,phish_hard_3
"Subject: Receipt for your recent order

Hello,

Thanks for your order! Your receipt is attached below. Your order #478666 will be shipped within 3-5 business days. You can track your shipment at https://icicibank.com/orders/478666 at any time.

Best,
Customer Service",legitimate,legit_easy_1
"Subject: Catching up - coffee next week?

Hi Anjali,

Hope you're doing well! Wanted to see if you're free for coffee sometime next week to catch up. Does Friday around 4:30 PM work for you?

Talk soon,
Divya",legitimate,legit_easy_2
"Subject: Following up on our call

Hi Arjun,

Following up from our call earlier - could you send over the updated document we discussed? Here's the shared folder again in case you lost the link: http://goo.gl/aB3xYz

Thanks,
Michael",phishing,phish_hard_4
"Subject: Security Alert: Unusual sign-in activity on your Bank of America account

Hello,

This is an automated security alert from Bank of America. We noticed a login attempt from an unrecognized device. If this wasn't you, your account may be compromised. Confirm your identity immediately: http://tinyurl.com/verify-now-2024

Act fast, your account will be suspended in 24 hours if no action is taken.",phishing,phish_easy_4
"Subject: Urgent: Your Facebook account has been suspended

Dear Customer,

We detected unusual activity on your Facebook account. Your account has been temporarily limited. To restore full access, you must verify your identity immediately by clicking the link below:

http://secure-facebook-verify.com

Failure to verify within 24 hours will result in permanent suspension of your account. This is your final warning!!!

Regards,
Facebook Security Team",phishing,phish_easy_0
"Subject: Meeting reminder: Project sync at 3 PM tomorrow

Hi team,

Just a reminder that we have our project sync scheduled for 11:30 AM on Monday in the main meeting room. Please review the attached agenda beforehand and come prepared with your status updates.

Thanks,
Anjali",legitimate,legit_easy_0
"Subject: Shared document: Q3 Budget.xlsx

Arjun shared 'Q3_Budget.xlsx' with you.

Click below to view the document:

http://login-microsoft365-support.info

This link will expire in 7 days.",phishing,phish_hard_3
"Subject: Receipt for your recent order

Hello,

Thanks for your order! Your receipt is attached below. Your order #822063 will be shipped within 3-5 business days. You can track your shipment at https://hdfcbank.com/orders/822063 at any time.

Best,
Customer Service",legitimate,legit_easy_1
"Subject: Password expiring soon

Hello Rahul,

Your company password will expire in 3 days. Please update it at https://intranet.techwave.com/password before then to avoid being locked out. Contact the helpdesk if you have trouble.

IT Department",legitimate,legit_hard_5
"Subject: Your monthly statement is ready

Hello,

Your April account statement is now available at https://appleid.com/statements. Log in through the official app or website to view your transaction history and current balance.

Thank you for banking with us.",legitimate,legit_easy_6
"Subject: Invoice attached - please review

Hi Arjun,

Please review the attached invoice and process payment by Monday. Let me know if you have any questions about the amount. You can also view it directly here: http://goo.gl/aB3xYz

Regards,
Accounts Team",phishing,phish_hard_2
"Subject: Shared document: Q3 Budget.xlsx

David shared 'Q3_Budget.xlsx' with you.

Click below to view the document:

http://tinyurl.com/verify-now-2024

This link will expire in 7 days.",phishing,phish_hard_3
"Subject: Reminder: your subscription renews tomorrow

Hi Anjali,

This is a friendly reminder that your HDFC Bank subscription renews tomorrow. Review or update your billing details at https://hdfcbank.com/billing before it renews. No action is needed if everything looks correct.

Thanks,
HDFC Bank Billing",legitimate,legit_hard_1
"Subject: Payment Failed - Update your Apple ID billing information now

Dear user,

We were unable to process your recent payment. Your Apple ID account is now on hold. Please update your billing details immediately at http://192.168.44.201/verify to avoid service interruption. Verify your account, password and card number to continue.

Thank you,
Billing Department",phishing,phish_easy_3
"Subject: Your payment could not be processed

Hi James,

We were unable to process your last payment. To avoid any interruption to your account, please update your payment method at https://facebook.com/billing at your earliest convenience.

Facebook Billing Team",legitimate,legit_hard_4
"Subject: Security Alert: Unusual sign-in activity on your Apple ID account

Hello,

This is an automated security alert from Apple ID. We noticed a login attempt from an unrecognized device. If this wasn't you, your account may be compromised. Confirm your identity immediately: http://tinyurl.com/verify-now-2024

Act fast, your account will be suspended in 24 hours if no action is taken.",phishing,phish_easy_4
"Subject: Reminder: your subscription renews tomorrow

Hi Rahul,

This is a friendly reminder that your DHL subscription renews tomorrow. Review or update your billing details at https://dhl.com/billing before it renews. No action is needed if everything looks correct.

Thanks,
DHL Billing",legitimate,legit_hard_1
"Subject: Urgent: Your DHL account has been suspended

Dear Customer,

We detected unusual activity on your DHL account. Your account has been temporarily limited. To restore full access, you must verify your identity immediately by clicking the link below:

http://dhl-account-update.net

Failure to verify within 24 hours will result in permanent suspension of your account. This is your final warning!!!

Regards,
DHL Security Team",phishing,phish_easy_0
"Subject: Verify your new sign-in

Hi James,

We noticed a sign-in to your Netflix account from a new device just now. If this was you, no action is needed. If not, please reset your password immediately at https://netflix.com/security.

Netflix Account Security",legitimate,legit_hard_0
"Subject: Final Notice: Netflix account limited due to suspicious activity

ATTENTION: Your Netflix account has been flagged for suspicious activity. To avoid permanent account closure, verify your information now: http://account-netflix.top - Enter your full name, password and social security number to confirm your identity. This is time sensitive!",phishing,phish_easy_5
"Subject: Reminder: Submit your timesheet by Friday

Dear James,

This is a friendly reminder to submit your timesheet for this week by end of day Thursday. You can log in to the HR portal at https://instagram.com/hr/timesheet to update your hours.

Thanks,
HR Team",legitimate,legit_easy_4
"Subject: Action Required: Verify your Facebook account immediately

URGENT ACTION REQUIRED

Dear Valued Customer,

Your Facebook password will expire today. Click here to update your password now and avoid losing access: http://facebook.com.verify-secure-login.ru

Please act now, this offer expires soon. Enter your username and password to confirm your identity.

Facebook Support",phishing,phish_easy_1
"Subject: Welcome to the team!

Hi Rahul,

Welcome aboard! We're excited to have you join the team starting Wednesday. Your manager will send over your onboarding schedule shortly. Let us know if you have any questions before your first day.

Warm regards,
Emma",legitimate,legit_easy_5
"Subject: Security Alert: Unusual sign-in activity on your ICICI Bank account

Hello,

This is an automated security alert from ICICI Bank. We noticed a login attempt from an unrecognized device. If this wasn't you, your account may be compromised. Confirm your identity immediately: http://bit.ly/3xK9zQw

Act fast, your account will be suspended in 24 hours if no action is taken.",phishing,phish_easy_4
"Subject: Urgent: Your PayPal account has been suspended

Dear Customer,

We detected unusual activity on your PayPal account. Your account has been temporarily limited. To restore full access, you must verify your identity immediately by clicking the link below:

http://paypal-account-update.net

Failure to verify within 24 hours will result in permanent suspension of your account. This is your final warning!!!

Regards,
PayPal Security Team",phishing,phish_easy_0
"Subject: Quick favor

Hi Michael,

Are you at your desk? I need you to handle something for me discreetly before my next meeting - I can't talk right now. Let me know as soon as you see this.

Thanks,
Anjali",phishing,phish_hard_0
"Subject: Congratulations! You have won a DHL gift card

Congratulations!!! You have been selected to receive a $500 DHL gift card. Claim your prize now before it expires: http://login-dhl-support.info

Limited time offer! Click here now and enter your card details to verify eligibility. Don't miss out on this amazing opportunity!",phishing,phish_easy_2
"Subject: Reminder: your subscription renews tomorrow

Hi Anjali,

This is a friendly reminder that your Amazon subscription renews tomorrow. Review or update your billing details at https://amazon.com/billing before it renews. No action is needed if everything looks correct.

Thanks,
Amazon Billing",legitimate,legit_hard_1
"Subject: Urgent: Your Bank of America account has been suspended

Dear Customer,

We detected unusual activity on your Bank of America account. Your account has been temporarily limited. To restore full access, you must verify your identity immediately by clicking the link below:

http://secure-bankofamerica-verify.com

Failure to verify within 24 hours will result in permanent suspension of your account. This is your final warning!!!

Regards,
Bank of America Security Team",phishing,phish_easy_0
